bestSeller6_name,bestSeller6_special1,bestSeller6_shippingPrice,bestSeller6_special2,bestSeller6_special3,bestSeller6_special4
Tradent Supply,$102.45,FREE Std. Shipping,,,
TradealZ,$103.90,FREE Std. Shipping,,,
True North Dental,$107.00,FREE Std. Shipping,,,
River Dental Supplies,$107.45,FREE Std. Shipping,,,
Medical Dental Max,$108.35,+ $4.00 Std. Shipping,3 @ $107.40,4 @ $103.99,
First Dent Supply,$118.45,FREE Std. Shipping,,,
LV Dental Supply,$136.98,FREE Std. Shipping,2 @ $131.49,3 @ $129.99,4 @ $126.84
Dental Wholesale Direct,$164.00,FREE Std. Shipping,,,
ODS Online,$216.46,FREE Std. Shipping,,,
