Date,3MD-712-036_Profit,3MD-712-036_Avg. return on sales,3MD-712-036_Distinct count of order id,3MD-712-036_quantity,3MD-712-036_profitPerQuantitySold,3MD-712-036_profitPerOrderMade,DEN-80395_Profit,DEN-80395_Avg. return on sales,DEN-80395_Distinct count of order id,DEN-80395_quantity,DEN-80395_profitPerQuantitySold,DEN-80395_profitPerOrderMade,3MD-3525(TE)_Profit,3MD-3525(TE)_Avg. return on sales,3MD-3525(TE)_Distinct count of order id,3MD-3525(TE)_quantity,3MD-3525(TE)_profitPerQuantitySold,3MD-3525(TE)_profitPerOrderMade,SUL-21115_Profit,SUL-21115_Avg. return on sales,SUL-21115_Distinct count of order id,SUL-21115_quantity,SUL-21115_profitPerQuantitySold,SUL-21115_profitPerOrderMade,KER-31513(EU)_Profit,KER-31513(EU)_Avg. return on sales,KER-31513(EU)_Distinct count of order id,KER-31513(EU)_quantity,KER-31513(EU)_profitPerQuantitySold,KER-31513(EU)_profitPerOrderMade,3MD-3525(E)_Profit,3MD-3525(E)_Avg. return on sales,3MD-3525(E)_Distinct count of order id,3MD-3525(E)_quantity,3MD-3525(E)_profitPerQuantitySold,3MD-3525(E)_profitPerOrderMade,DEN-610007_Profit,DEN-610007_Avg. return on sales,DEN-610007_Distinct count of order id,DEN-610007_quantity,DEN-610007_profitPerQuantitySold,DEN-610007_profitPerOrderMade,KER-33872_Profit,KER-33872_Avg. return on sales,KER-33872_Distinct count of order id,KER-33872_quantity,KER-33872_profitPerQuantitySold,KER-33872_profitPerOrderMade,KRO-KRM302_Profit,KRO-KRM302_Avg. return on sales,KRO-KRM302_Distinct count of order id,KRO-KRM302_quantity,KRO-KRM302_profitPerQuantitySold,KRO-KRM302_profitPerOrderMade,3MD-56877_Profit,3MD-56877_Avg. return on sales,3MD-56877_Distinct count of order id,3MD-56877_quantity,3MD-56877_profitPerQuantitySold,3MD-56877_profitPerOrderMade,KER-36052(EU)_Profit,KER-36052(EU)_Avg. return on sales,KER-36052(EU)_Distinct count of order id,KER-36052(EU)_quantity,KER-36052(EU)_profitPerQuantitySold,KER-36052(EU)_profitPerOrderMade,3MD-31642(E)_Profit,3MD-31642(E)_Avg. return on sales,3MD-31642(E)_Distinct count of order id,3MD-31642(E)_quantity,3MD-31642(E)_profitPerQuantitySold,3MD-31642(E)_profitPerOrderMade,KOD-1753664(E)_Profit,KOD-1753664(E)_Avg. return on sales,KOD-1753664(E)_Distinct count of order id,KOD-1753664(E)_quantity,KOD-1753664(E)_profitPerQuantitySold,KOD-1753664(E)_profitPerOrderMade,SIR-6176528_Profit,SIR-6176528_Avg. return on sales,SIR-6176528_Distinct count of order id,SIR-6176528_quantity,SIR-6176528_profitPerQuantitySold,SIR-6176528_profitPerOrderMade,KUL-65872354_Profit,KUL-65872354_Avg. return on sales,KUL-65872354_Distinct count of order id,KUL-65872354_quantity,KUL-65872354_profitPerQuantitySold,KUL-65872354_profitPerOrderMade,DEN-666220_Profit,DEN-666220_Avg. return on sales,DEN-666220_Distinct count of order id,DEN-666220_quantity,DEN-666220_profitPerQuantitySold,DEN-666220_profitPerOrderMade,KER-33351_Profit,KER-33351_Avg. return on sales,KER-33351_Distinct count of order id,KER-33351_quantity,KER-33351_profitPerQuantitySold,KER-33351_profitPerOrderMade,3MD-6020A2(E)_Profit,3MD-6020A2(E)_Avg. return on sales,3MD-6020A2(E)_Distinct count of order id,3MD-6020A2(E)_quantity,3MD-6020A2(E)_profitPerQuantitySold,3MD-6020A2(E)_profitPerOrderMade,3MD-712-035_Profit,3MD-712-035_Avg. return on sales,3MD-712-035_Distinct count of order id,3MD-712-035_quantity,3MD-712-035_profitPerQuantitySold,3MD-712-035_profitPerOrderMade,SIR-6176510_Profit,SIR-6176510_Avg. return on sales,SIR-6176510_Distinct count of order id,SIR-6176510_quantity,SIR-6176510_profitPerQuantitySold,SIR-6176510_profitPerOrderMade
2019-January-2,,,,,,,532,0.4321,2,10,53,266,,,,,,,58,0.5289,1,1,58,58,,,,,,,,,,,,,108,0.4889,3,5,22,36,,,,,,,79,0.4046,2,30,3,39,117,0.5871,1,2,59,117,81,0.4996,1,2,40,81,,,,,,,,,,,,,,,,,,,,,,,,,,,,,,,,,,,,,92,0.3944,1,10,9,92,,,,,,,,,,,,
2019-January-3,,,,,,,,,,,,,,,,,,,,,,,,,,,,,,,,,,,,,22,0.4891,1,1,22,22,283,0.3149,2,20,14,142,32,0.4046,1,12,3,32,,,,,,,,,,,,,,,,,,,,,,,,,,,,,,,,,,,,,,,,,,,,,,,,,79,0.4264,3,8,10,26,94,0.6997,1,1,94,94,,,,,,
2019-January-4,,,,,,,106,0.4321,1,2,53,106,,,,,,,,,,,,,,,,,,,,,,,,,43,0.4891,2,2,22,22,219,0.3085,5,16,14,44,29,0.4938,2,8,4,15,,,,,,,,,,,,,,,,,,,,,,,,,,,,,,,,,,,,,,,,,,,,,,,,,,,,,,,283,0.6997,2,3,94,142,,,,,,
2019-January-7,132,0.7567,1,1,132,132,585,0.4321,4,11,53,146,,,,,,,,,,,,,,,,,,,,,,,,,65,0.4889,1,3,22,65,269,0.3085,5,20,13,54,84,0.4046,3,32,3,28,,,,,,,,,,,,,,,,,,,130,0.4442,2,5,26,65,,,,,,,,,,,,,,,,,,,,,,,,,66,0.402,2,7,9,33,,,,,,,,,,,,
2019-January-8,490,0.742,2,4,122,245,478,0.4321,3,9,53,159,,,,,,,323,0.5155,2,6,54,162,,,,,,,,,,,,,65,0.489,2,3,22,32,207,0.3021,5,16,13,41,79,0.4046,3,30,3,26,,,,,,,81,0.4996,1,2,40,81,,,,,,,104,0.4442,1,4,26,104,,,,,,,,,,,,,,,,,,,,,,,,,240,0.3944,2,26,9,120,,,,,,,,,,,,
2019-January-9,245,0.742,2,2,122,122,,,,,,,,,,,,,114,0.5246,2,2,57,57,,,,,,,,,,,,,,,,,,,300,0.2957,5,24,12,60,,,,,,,,,,,,,,,,,,,,,,,,,363,0.4442,3,14,26,121,,,,,,,,,,,,,,,,,,,,,,,,,,,,,,,,,,,,,,,,,,
2019-January-10,122,0.742,1,1,122,122,159,0.4321,1,3,53,159,,,,,,,172,0.5246,3,3,57,57,,,,,,,,,,,,,86,0.4889,1,4,22,86,278,0.302,6,21,13,46,58,0.4046,2,22,3,29,,,,,,,474,0.4934,4,12,39,118,,,,,,,104,0.4442,1,4,26,104,,,,,,,,,,,,,,,,,,,,,,,,,37,0.3944,1,4,9,37,94,0.6997,1,1,94,94,,,,,,
2019-January-11,122,0.742,1,1,122,122,,,,,,,,,,,,,286,0.5246,3,5,57,95,,,,,,,,,,,,,22,0.4891,1,1,22,22,,,,,,,53,0.4046,1,20,3,53,,,,,,,,,,,,,,,,,,,,,,,,,,,,,,,,,,,,,,,,,,,,,,,,,,,,,,,94,0.6997,1,1,94,94,,,,,,
2019-January-14,,,,,,,,,,,,,,,,,,,229,0.5246,3,4,57,76,,,,,,,,,,,,,43,0.4889,1,2,22,43,,,,,,,53,0.4046,2,20,3,26,,,,,,,,,,,,,326,0.1896,6,9,36,54,,,,,,,,,,,,,,,,,,,,,,,,,,,,,,,52,0.3812,1,6,9,52,,,,,,,,,,,,
2019-January-15,245,0.742,1,2,122,245,,,,,,,,,,,,,114,0.5246,1,2,57,114,,,,,,,,,,,,,64,0.4879,3,3,21,21,87,0.3114,3,7,12,29,,,,,,,,,,,,,103,0.4596,1,3,34,103,531,0.1879,5,15,35,106,127,0.4374,2,5,25,63,,,,,,,,,,,,,,,,,,,,,,,,,74,0.4001,3,8,9,25,,,,,,,,,,,,
2019-January-16,,,,,,,100,0.4179,1,2,50,100,,,,,,,57,0.5246,1,1,57,57,65,0.6023,1,2,33,65,,,,,,,43,0.4879,2,2,21,21,279,0.2508,5,27,10,56,26,0.4046,1,10,3,26,,,,,,,103,0.4596,1,3,34,103,285,0.1879,5,8,36,57,687,0.4305,2,28,25,344,,,,,,,,,,,,,,,,,,,,,,,,,,,,,,,,,,,,,,,,,,
2019-January-17,245,0.742,2,2,122,122,,,,,,,,,,,,,327,0.5155,4,6,55,82,,,,,,,,,,,,,64,0.4879,3,3,21,21,31,0.2508,1,3,10,31,53,0.4046,1,20,3,53,97,0.5412,1,2,49,97,310,0.4596,4,9,34,78,179,0.1885,4,5,36,45,,,,,,,,,,,,,,,,,,,,,,,,,,,,,,,148,0.3812,3,17,9,49,,,,,,,,,,,,
2019-January-18,245,0.742,2,2,122,122,,,,,,,,,,,,,213,0.5065,3,4,53,71,,,,,,,,,,,,,,,,,,,158,0.3021,5,12,13,32,13,0.5365,1,3,4,13,49,0.5412,1,1,49,49,483,0.4596,4,14,34,121,107,0.1874,2,3,36,53,,,,,,,,,,,,,,,,,,,,,,,,,,,,,,,18,0.3944,1,2,9,18,189,0.6997,1,2,94,189,,,,,,
2019-January-21,,,,,,,,,,,,,,,,,,,106,0.5065,2,2,53,53,,,,,,,209,0.316,6,6,35,35,21,0.4879,1,1,21,21,93,0.2508,2,9,10,46,79,0.4046,2,30,3,39,,,,,,,69,0.4596,2,2,34,34,70,0.1853,1,2,35,70,,,,,,,,,,,,,,,,,,,,,,,,,,,,,,,26,0.3812,1,3,9,26,,,,,,,,,,,,
2019-January-22,122,0.742,1,1,122,122,433,0.4081,5,9,48,87,,,,,,,,,,,,,,,,,,,397,0.3098,11,12,33,36,,,,,,,41,0.2508,1,4,10,41,158,0.4046,2,60,3,79,97,0.5412,2,2,49,49,69,0.4596,1,2,34,69,,,,,,,,,,,,,,,,,,,223,0.3893,4,7,32,56,,,,,,,,,,,,,18,0.3944,1,2,9,18,283,0.6997,2,3,94,142,,,,,,
2019-January-23,,,,,,,,,,,,,,,,,,,106,0.5065,1,2,53,106,232,0.5749,2,8,29,116,461,0.2867,7,17,27,66,,,,,,,132,0.2828,2,12,11,66,26,0.4046,1,10,3,26,97,0.5412,2,2,49,49,379,0.4596,3,11,34,126,,,,,,,,,,,,,,,,,,,64,0.3893,1,2,32,64,,,,,,,,,,,,,179,0.4125,3,20,9,60,,,,,,,,,,,,
2019-January-24,122,0.742,1,1,122,122,48,0.4081,1,1,48,48,,,,,,,219,0.5093,3,4,55,73,116,0.5749,1,4,29,116,511,0.295,13,17,30,39,,,,,,,31,0.2508,1,3,10,31,,,,,,,232,0.5307,3,5,46,77,103,0.4596,1,3,34,103,133,0.1766,2,4,33,66,,,,,,,,,,,,,32,0.3893,1,1,32,32,,,,,,,,,,,,,35,0.3812,1,4,9,35,94,0.6997,1,1,94,94,,,,,,
2019-January-25,,,,,,,,,,,,,,,,,,,52,0.5017,1,1,52,52,,,,,,,407,0.2886,10,14,29,41,105,0.438,3,6,18,35,258,0.2508,5,25,10,52,,,,,,,49,0.5412,1,1,49,49,69,0.4596,1,2,34,69,,,,,,,,,,,,,,,,,,,128,0.3893,1,4,32,128,,,,,,,,,,,,,18,0.3944,1,2,9,18,93,0.6975,1,1,93,93,,,,,,
2019-January-28,490,0.742,1,4,122,490,48,0.4081,1,1,48,48,,,,,,,104,0.5017,2,2,52,52,56,0.5663,1,2,28,56,724,0.3032,16,24,30,45,140,0.438,7,8,18,20,114,0.2508,3,11,10,38,105,0.4046,2,40,3,53,95,0.5355,2,2,48,48,276,0.4596,3,8,34,92,133,0.1766,2,4,33,66,,,,,,,88,0.6269,1,2,44,88,64,0.3893,1,2,32,64,,,,,,,,,,,,,183,0.3655,4,23,8,46,187,0.6975,1,2,93,187,43,0.6087,1,1,43,43
2019-January-29,,,,,,,,,,,,,,,,,,,57,0.5246,1,1,57,57,56,0.5663,1,2,28,56,104,0.316,3,3,35,35,140,0.438,3,8,18,47,52,0.2508,1,5,10,52,118,0.4046,3,45,3,39,95,0.5355,2,2,48,48,69,0.4596,1,2,34,69,,,,,,,,,,,,,44,0.6269,1,1,44,44,64,0.3893,1,2,32,64,,,,,,,,,,,,,,,,,,,,,,,,,,,,,,
2019-January-30,,,,,,,440,0.3669,4,11,40,110,,,,,,,286,0.5246,4,5,57,71,112,0.5663,1,4,28,112,352,0.2818,6,13,27,59,35,0.438,2,2,18,18,31,0.2508,1,3,10,31,101,0.4188,3,37,3,34,95,0.5355,1,2,48,95,103,0.4596,1,3,34,103,103,0.1831,2,3,34,51,,,,,,,,,,,,,64,0.3893,1,2,32,64,,,,,,,,,,,,,45,0.3878,2,5,9,22,,,,,,,170,0.6087,1,4,43,170
2019-January-31,,,,,,,195,0.3591,2,5,39,97,,,,,,,229,0.5246,3,4,57,76,112,0.5663,2,4,28,56,509,0.2887,11,18,28,46,18,0.438,1,1,18,18,418,0.265,9,39,11,46,53,0.4046,1,20,3,53,211,0.5055,2,5,42,106,,,,,,,,,,,,,,,,,,,39,0.5982,1,1,39,39,782,0.3825,9,25,31,87,,,,,,,,,,,,,,,,,,,,,,,,,,,,,,
2019-February-1,,,,,,,,,,,,,,,,,,,172,0.5246,3,3,57,57,56,0.5663,1,2,28,56,,,,,,,,,,,,,31,0.2508,1,3,10,31,42,0.4046,1,16,3,42,,,,,,,157,0.4371,2,5,31,79,166,0.1766,2,5,33,83,,,,,,,,,,,,,30,0.374,1,1,30,30,,,,,,,,,,,,,54,0.39,3,6,9,18,,,,,,,,,,,,
2019-February-4,367,0.742,3,3,122,122,241,0.4081,1,5,48,241,,,,,,,57,0.5246,1,1,57,57,196,0.5663,2,7,28,98,,,,,,,,,,,,,41,0.2508,1,4,10,41,26,0.4046,1,10,3,26,,,,,,,189,0.4371,1,6,31,189,66,0.1766,1,2,33,66,,,,,,,117,0.5982,1,3,39,117,60,0.374,1,2,30,60,,,,,,,,,,,,,,,,,,,93,0.6975,1,1,93,93,,,,,,
2019-February-5,,,,,,,,,,,,,,,,,,,57,0.5246,1,1,57,57,,,,,,,,,,,,,18,0.438,1,1,18,18,31,0.2508,1,3,10,31,66,0.4046,2,25,3,33,91,0.5254,1,2,46,91,,,,,,,103,0.1831,2,3,34,51,,,,,,,78,0.5982,2,2,39,39,180,0.374,3,6,30,60,,,,,,,,,,,,,,,,,,,93,0.6975,1,1,93,93,85,0.6087,2,2,43,43
2019-February-6,367,0.742,2,3,122,184,96,0.4081,1,2,48,96,,,,,,,270,0.5155,2,5,54,135,,,,,,,,,,,,,,,,,,,52,0.2508,1,5,10,52,,,,,,,,,,,,,94,0.4371,1,3,31,94,66,0.1766,1,2,33,66,,,,,,,,,,,,,239,0.374,4,8,30,60,,,,,,,,,,,,,,,,,,,,,,,,,,,,,,
2019-February-7,122,0.742,1,1,122,122,193,0.4081,2,4,48,96,,,,,,,172,0.5246,3,3,57,57,56,0.5663,1,2,28,56,,,,,,,79,0.4159,3,5,16,26,235,0.2706,6,22,11,39,84,0.4046,2,32,3,42,,,,,,,,,,,,,266,0.1766,1,8,33,266,,,,,,,,,,,,,90,0.374,1,3,30,90,,,,,,,,,,,,,,,,,,,,,,,,,,,,,,
2019-February-8,592,0.7366,3,5,118,197,289,0.4081,3,6,48,96,,,,,,,57,0.5246,1,1,57,57,,,,,,,,,,,,,17,0.4309,1,1,17,17,,,,,,,79,0.4046,2,30,3,39,,,,,,,94,0.4371,1,3,31,94,232,0.1766,1,7,33,232,,,,,,,78,0.5982,2,2,39,39,269,0.374,4,9,30,67,,,,,,,,,,,,,,,,,,,,,,,,,43,0.6087,1,1,43,43
2019-February-11,235,0.7339,2,2,117,117,193,0.4081,2,4,48,96,,,,,,,57,0.5246,1,1,57,57,122,0.5328,1,5,24,122,,,,,,,34,0.4294,2,2,17,17,,,,,,,26,0.4046,1,10,3,26,91,0.5254,1,2,46,91,,,,,,,66,0.1766,1,2,33,66,,,,,,,,,,,,,90,0.374,2,3,30,45,,,,,,,,,,,,,,,,,,,,,,,,,,,,,,
2019-February-12,,,,,,,513,0.4004,4,11,47,128,,,,,,,57,0.5246,1,1,57,57,98,0.5328,1,4,24,98,,,,,,,17,0.4294,1,1,17,17,,,,,,,,,,,,,46,0.5254,1,1,46,46,122,0.4292,1,4,30,122,133,0.1766,1,4,33,133,,,,,,,78,0.5982,2,2,39,39,120,0.374,2,4,30,60,,,,,,,,,,,,,,,,,,,,,,,,,43,0.6087,1,1,43,43
2019-February-13,117,0.7339,1,1,117,117,140,0.4004,1,3,47,140,,,,,,,114,0.5246,2,2,57,57,,,,,,,,,,,,,51,0.4294,3,3,17,17,,,,,,,,,,,,,,,,,,,122,0.4292,2,4,30,61,100,0.1766,1,3,33,100,,,,,,,39,0.5982,1,1,39,39,,,,,,,,,,,,,,,,,,,,,,,,,,,,,,,213,0.6087,2,5,43,107
2019-February-14,,,,,,,886,0.4004,4,19,47,222,,,,,,,164,0.5155,2,3,55,82,23,0.5119,1,1,23,23,,,,,,,68,0.4294,4,4,17,17,,,,,,,53,0.4046,2,20,3,26,134,0.5199,1,3,45,134,152,0.4292,2,5,30,76,284,0.1897,4,8,35,71,,,,,,,78,0.5982,2,2,39,39,145,0.3661,2,5,29,72,,,,,,,,,,,,,,,,,,,,,,,,,85,0.6087,2,2,43,43
2019-February-15,225,0.7254,1,2,112,225,187,0.4004,2,4,47,93,,,,,,,172,0.5246,3,3,57,57,132,0.5064,1,6,22,132,,,,,,,30,0.4005,1,2,15,30,,,,,,,105,0.4046,1,40,3,105,134,0.5199,1,3,45,134,,,,,,,69,0.1832,1,2,35,69,,,,,,,272,0.5982,4,7,39,68,145,0.3661,3,5,29,48,,,,,,,,,,,,,23,0.4443,1,2,11,23,,,,,,,128,0.6087,2,3,43,64
2019-February-19,225,0.7254,2,2,112,112,140,0.4004,2,3,47,70,,,,,,,57,0.5246,1,1,57,57,113,0.5119,3,5,23,38,,,,,,,77,0.4102,3,5,15,26,,,,,,,105,0.4046,3,40,3,35,89,0.5199,2,2,45,45,,,,,,,208,0.1832,3,6,35,69,,,,,,,39,0.5982,1,1,39,39,87,0.3661,2,3,29,43,,,,,,,,,,,,,23,0.4443,1,2,11,23,,,,,,,43,0.6087,1,1,43,43
2019-February-20,112,0.7254,1,1,112,112,,,,,,,,,,,,,221,0.5186,3,4,55,74,66,0.5069,2,3,22,33,,,,,,,17,0.4294,1,1,17,17,,,,,,,,,,,,,,,,,,,55,0.404,1,2,27,55,69,0.1832,1,2,35,69,,,,,,,,,,,,,,,,,,,120,0.2609,2,4,30,60,,,,,,,45,0.4443,1,4,11,45,,,,,,,,,,,,
2019-February-21,322,0.7162,3,3,107,107,229,0.3964,2,5,46,114,,,,,,,57,0.5246,1,1,57,57,273,0.4964,3,13,21,91,,,,,,,68,0.4292,4,4,17,17,,,,,,,53,0.4046,1,20,3,53,,,,,,,,,,,,,215,0.1906,2,6,36,108,,,,,,,233,0.5982,4,6,39,58,,,,,,,,,,,,,,,,,,,,,,,,,,,,,,,85,0.6087,2,2,43,43
2019-February-22,,,,,,,,,,,,,,,,,,,,,,,,,293,0.4936,2,14,21,147,,,,,,,51,0.4292,3,3,17,17,,,,,,,26,0.4046,1,10,3,26,,,,,,,,,,,,,153,0.198,2,4,38,76,,,,,,,,,,,,,,,,,,,40,0.32,1,1,40,40,,,,,,,,,,,,,,,,,,,,,,,,
2019-February-25,215,0.7162,2,2,107,107,,,,,,,,,,,,,164,0.5155,2,3,55,82,190,0.4964,3,9,21,63,,,,,,,34,0.4337,2,2,17,17,,,,,,,97,0.4046,3,37,3,32,,,,,,,,,,,,,76,0.198,1,2,38,76,,,,,,,34,0.5647,1,1,34,34,,,,,,,,,,,,,,,,,,,,,,,,,,,,,,,,,,,,
2019-February-26,,,,,,,,,,,,,,,,,,,,,,,,,,,,,,,,,,,,,,,,,,,,,,,,,13,0.5365,1,3,4,13,,,,,,,82,0.404,1,3,27,82,,,,,,,,,,,,,,,,,,,,,,,,,,,,,,,,,,,,,,,,,,,,,,,,,,,,,,
2019-February-27,,,,,,,271,0.3923,3,6,45,90,,,,,,,416,0.5028,6,8,52,69,43,0.5019,1,2,22,43,,,,,,,85,0.4292,5,5,17,17,,,,,,,26,0.4046,1,10,3,26,,,,,,,165,0.404,3,6,27,55,,,,,,,,,,,,,,,,,,,,,,,,,,,,,,,,,,,,,,,,,,,,,,,,,,,,,,
2019-February-28,107,0.7162,1,1,107,107,,,,,,,,,,,,,213,0.5065,3,4,53,71,206,0.4895,5,10,21,41,,,,,,,179,0.4089,6,12,15,30,,,,,,,63,0.4046,2,24,3,32,,,,,,,110,0.404,1,4,27,110,106,0.1853,1,3,35,106,,,,,,,,,,,,,,,,,,,54,0.2411,1,2,27,54,,,,,,,,,,,,,,,,,,,,,,,,
2019-March-1,,,,,,,,,,,,,,,,,,,266,0.5065,4,5,53,66,81,0.4864,1,4,20,81,,,,,,,17,0.4287,1,1,17,17,,,,,,,,,,,,,,,,,,,52,0.3905,1,2,26,52,,,,,,,,,,,,,,,,,,,,,,,,,,,,,,,,,,,,,,,,,,,59,0.5946,1,1,59,59,,,,,,
2019-March-4,,,,,,,337,0.3763,3,8,42,112,,,,,,,479,0.5065,8,9,53,60,366,0.4864,5,18,20,73,,,,,,,,,,,,,,,,,,,132,0.4046,4,50,3,33,,,,,,,238,0.4034,3,9,26,79,282,0.1853,2,8,35,141,29,0.4679,1,1,29,29,,,,,,,,,,,,,,,,,,,,,,,,,,,,,,,178,0.5946,3,3,59,59,,,,,,
2019-March-5,,,,,,,,,,,,,,,,,,,213,0.5065,3,4,53,71,,,,,,,,,,,,,17,0.4287,1,1,17,17,,,,,,,26,0.4046,1,10,3,26,,,,,,,,,,,,,219,0.1937,2,6,37,110,,,,,,,34,0.5647,1,1,34,34,,,,,,,54,0.2411,1,2,27,54,,,,,,,,,,,,,,,,,,,,,,,,
2019-March-6,,,,,,,422,0.3763,1,10,42,422,,,,,,,106,0.5065,2,2,53,53,244,0.4864,3,12,20,81,,,,,,,17,0.4236,1,1,17,17,,,,,,,26,0.4046,1,10,3,26,,,,,,,112,0.4125,2,4,28,56,78,0.2021,1,2,39,78,,,,,,,203,0.5647,4,6,34,51,,,,,,,108,0.2411,2,4,27,54,,,,,,,,,,,,,,,,,,,,,,,,
2019-March-7,215,0.7162,2,2,107,107,123,0.3707,2,3,41,62,,,,,,,213,0.5065,3,4,53,71,254,0.4778,4,13,20,64,,,,,,,33,0.4262,2,2,17,17,,,,,,,26,0.4046,1,10,3,26,,,,,,,55,0.404,1,2,27,55,119,0.2058,2,3,40,60,,,,,,,32,0.5497,1,1,32,32,,,,,,,54,0.2411,1,2,27,54,,,,,,,,,,,,,,,,,,,,,,,,
2019-March-8,,,,,,,123,0.3707,1,3,41,123,,,,,,,479,0.5065,7,9,53,68,55,0.4606,2,3,18,27,,,,,,,,,,,,,,,,,,,,,,,,,,,,,,,,,,,,,78,0.2021,1,2,39,78,,,,,,,,,,,,,,,,,,,,,,,,,,,,,,,,,,,,,54,0.5733,1,1,54,54,,,,,,
2019-March-11,102,0.7064,1,1,102,102,165,0.3707,2,4,41,82,,,,,,,106,0.5065,1,2,53,106,206,0.4649,6,11,19,34,,,,,,,,,,,,,,,,,,,53,0.4046,1,20,3,53,,,,,,,29,0.421,1,1,29,29,,,,,,,,,,,,,66,0.5572,2,2,33,33,,,,,,,,,,,,,,,,,,,,,,,,,,,,,,,,,,,,
2019-March-12,303,0.7044,2,3,101,152,206,0.3707,1,5,41,206,,,,,,,106,0.5065,2,2,53,53,183,0.4606,6,10,18,31,,,,,,,,,,,,,,,,,,,39,0.4046,1,15,3,39,,,,,,,201,0.3913,3,8,25,67,,,,,,,,,,,,,128,0.5497,2,4,32,64,,,,,,,,,,,,,,,,,,,,,,,,,109,0.5733,2,2,54,54,80,0.4928,1,3,27,80
2019-March-13,,,,,,,494,0.3707,4,12,41,123,,,,,,,106,0.5065,2,2,53,53,385,0.4606,9,21,18,43,,,,,,,17,0.4287,1,1,17,17,,,,,,,,,,,,,,,,,,,78,0.3987,2,3,26,39,74,0.1925,1,2,37,74,,,,,,,64,0.5497,2,2,32,32,,,,,,,,,,,,,,,,,,,,,,,,,54,0.5733,1,1,54,54,,,,,,
2019-March-14,205,0.7064,2,2,102,102,321,0.3649,4,8,40,80,,,,,,,160,0.5065,3,3,53,53,117,0.4433,3,7,17,39,,,,,,,,,,,,,,,,,,,,,,,,,,,,,,,,,,,,,72,0.1896,1,2,36,72,,,,,,,151,0.5016,3,6,25,50,,,,,,,48,0.2184,1,2,24,48,,,,,,,,,,,,,54,0.5733,1,1,54,54,,,,,,
2019-March-15,102,0.7064,1,1,102,102,,,,,,,,,,,,,160,0.5065,3,3,53,53,,,,,,,,,,,,,61,0.3783,2,5,12,31,,,,,,,26,0.4046,1,10,3,26,,,,,,,,,,,,,72,0.1896,1,2,36,72,,,,,,,24,0.4776,1,1,24,24,,,,,,,95,0.2184,1,4,24,95,,,,,,,,,,,,,54,0.5733,1,1,54,54,,,,,,
2019-March-18,,,,,,,201,0.3649,1,5,40,201,,,,,,,160,0.5065,2,3,53,80,,,,,,,,,,,,,17,0.4236,1,1,17,17,,,,,,,,,,,,,,,,,,,,,,,,,109,0.1896,1,3,36,109,,,,,,,72,0.4776,2,3,24,36,,,,,,,95,0.2184,2,4,24,48,,,,,,,,,,,,,109,0.5733,1,2,54,109,,,,,,
2019-March-19,102,0.7064,1,1,102,102,401,0.3649,3,10,40,134,,,,,,,213,0.5065,4,4,53,53,330,0.4347,5,20,17,66,,,,,,,,,,,,,,,,,,,39,0.4046,1,15,3,39,,,,,,,,,,,,,363,0.1903,4,10,36,91,,,,,,,143,0.4776,3,6,24,48,,,,,,,,,,,,,,,,,,,,,,,,,,,,,,,,,,,,
2019-March-20,,,,,,,,,,,,,,,,,,,53,0.5065,1,1,53,53,33,0.4347,1,2,17,33,,,,,,,53,0.3712,1,4,13,53,,,,,,,39,0.4046,1,15,3,39,,,,,,,,,,,,,,,,,,,,,,,,,24,0.4776,1,1,24,24,,,,,,,111,0.3033,3,3,37,37,,,,,,,,,,,,,,,,,,,,,,,,
2019-March-21,,,,,,,481,0.3647,3,12,40,160,,,,,,,106,0.5065,2,2,53,53,132,0.4347,2,8,17,66,,,,,,,,,,,,,,,,,,,26,0.4046,1,10,3,26,,,,,,,119,0.3886,2,5,24,60,,,,,,,,,,,,,183,0.4383,5,9,20,37,,,,,,,,,,,,,,,,,,,,,,,,,,,,,,,35,0.3913,1,2,18,35
2019-March-22,,,,,,,,,,,,,,,,,,,,,,,,,215,0.4347,5,13,17,43,,,,,,,,,,,,,,,,,,,105,0.4046,3,40,3,35,,,,,,,45,0.3567,1,2,22,45,72,0.1896,1,2,36,72,,,,,,,82,0.4383,2,4,20,41,,,,,,,74,0.3033,1,2,37,74,,,,,,,,,,,,,53,0.5687,1,1,53,53,35,0.3913,1,2,18,35
2019-March-25,,,,,,,241,0.3647,3,6,40,80,,,,,,,160,0.5065,3,3,53,53,66,0.4347,1,4,17,66,,,,,,,,,,,,,,,,,,,,,,,,,,,,,,,97,0.3886,2,4,24,48,,,,,,,,,,,,,102,0.4383,2,5,20,51,,,,,,,,,,,,,,,,,,,,,,,,,,,,,,,82,0.3445,2,6,14,41
2019-March-26,102,0.7064,1,1,102,102,80,0.3647,1,2,40,80,,,,,,,53,0.5065,1,1,53,53,99,0.4347,1,6,17,99,25,0.2476,1,1,25,25,,,,,,,,,,,,,116,0.4046,2,44,3,58,,,,,,,67,0.3567,1,3,22,67,,,,,,,,,,,,,41,0.4383,2,2,20,20,,,,,,,,,,,,,,,,,,,,,,,,,,,,,,,35,0.2977,1,3,12,35
2019-March-27,,,,,,,160,0.3647,2,4,40,80,,,,,,,101,0.4944,1,2,51,101,66,0.4347,2,4,17,33,287,0.3882,3,6,48,96,,,,,,,,,,,,,68,0.4046,1,26,3,68,,,,,,,45,0.3567,1,2,22,45,,,,,,,,,,,,,82,0.4383,2,4,20,41,,,,,,,,,,,,,,,,,,,,,,,,,,,,,,,,,,,,
2019-March-28,,,,,,,197,0.3603,2,5,39,99,,,,,,,51,0.4944,1,1,51,51,541,0.4222,4,34,16,135,143,0.3882,3,3,48,48,31,0.4084,1,2,16,31,,,,,,,26,0.4046,1,10,3,26,,,,,,,,,,,,,,,,,,,,,,,,,20,0.4383,1,1,20,20,,,,,,,,,,,,,,,,,,,,,,,,,,,,,,,23,0.4522,1,1,23,23
2019-March-29,350,0.6725,3,4,87,117,116,0.3558,1,3,39,116,,,,,,,253,0.4944,5,5,51,51,139,0.418,4,9,15,35,525,0.3882,8,11,48,66,59,0.4158,2,4,15,29,,,,,,,26,0.4046,1,10,3,26,,,,,,,,,,,,,,,,,,,,,,,,,,,,,,,,,,,,,,,,,,,,,,,,,,,,,,,107,0.5687,2,2,53,53,,,,,,
2019-April-1,262,0.6725,2,3,87,131,,,,,,,,,,,,,51,0.4944,1,1,51,51,351,0.435,10,22,16,35,"1,528",0.3882,19,32,48,80,78,0.4321,3,5,16,26,,,,,,,,,,,,,,,,,,,47,0.3667,1,2,23,47,,,,,,,,,,,,,38,0.4196,1,2,19,38,,,,,,,,,,,,,,,,,,,,,,,,,,,,,,,90,0.4522,3,4,23,30
2019-April-2,87,0.6725,1,1,87,87,,,,,,,,,,,,,203,0.4944,4,4,51,51,250,0.4286,4,16,16,62,281,0.3852,5,6,47,56,70,0.446,3,4,18,23,124,0.2508,3,12,10,41,79,0.4046,2,30,3,39,,,,,,,57,0.4126,2,2,28,28,,,,,,,,,,,,,,,,,,,,,,,,,,,,,,,,,,,,,,,,,,,53,0.5687,1,1,53,53,,,,,,
2019-April-3,,,,,,,,,,,,,,,,,,,304,0.4944,6,6,51,51,46,0.418,1,3,15,46,125,0.3569,1,3,42,125,39,0.4648,2,2,20,20,35,0.3637,1,2,18,35,45,0.4259,2,16,3,23,,,,,,,122,0.382,3,5,24,41,,,,,,,,,,,,,57,0.4196,1,3,19,57,,,,,,,,,,,,,,,,,,,,,,,,,,,,,,,90,0.4522,3,4,23,30
2019-April-4,87,0.6725,1,1,87,87,,,,,,,,,,,,,304,0.4944,5,6,51,61,271,0.4264,6,17,16,45,776,0.3097,12,23,34,65,91,0.4321,3,6,15,30,476,0.3637,8,27,18,59,110,0.4046,3,42,3,37,,,,,,,,,,,,,,,,,,,,,,,,,38,0.4196,1,2,19,38,,,,,,,,,,,,,,,,,,,,,,,,,109,0.5733,1,2,54,109,45,0.4522,1,2,23,45
2019-April-5,410,0.7064,4,4,102,102,,,,,,,,,,,,,155,0.4985,3,3,52,52,,,,,,,641,0.3097,14,19,34,46,49,0.4286,2,3,16,24,159,0.3637,3,9,18,53,26,0.4046,1,10,3,26,,,,,,,28,0.4126,1,1,28,28,,,,,,,,,,,,,,,,,,,,,,,,,,,,,,,,,,,,,,,,,,,,,,,,,,,,,,
2019-April-8,452,0.6908,3,5,90,151,,,,,,,,,,,,,51,0.4944,1,1,51,51,102,0.4034,3,7,15,34,101,0.3097,2,3,34,51,,,,,,,,,,,,,,,,,,,,,,,,,,,,,,,,,,,,,,,,,,,57,0.4196,2,3,19,28,,,,,,,,,,,,,,,,,,,,,,,,,109,0.5733,1,2,54,109,23,0.4522,1,1,23,23
2019-April-9,,,,,,,,,,,,,,,,,,,152,0.4944,3,3,51,51,203,0.4034,3,14,15,68,,,,,,,83,0.4407,3,5,17,28,356,0.3439,5,22,16,71,53,0.4046,2,20,3,26,,,,,,,227,0.4113,5,8,28,45,,,,,,,,,,,,,,,,,,,,,,,,,,,,,,,,,,,,,,,,,,,,,,,,,,,,,,
2019-April-10,350,0.6829,2,4,87,175,,,,,,,,,,,,,101,0.4944,2,2,51,51,305,0.4034,7,21,15,44,,,,,,,,,,,,,145,0.3439,3,9,16,48,26,0.4046,1,10,3,26,134,0.5199,2,3,45,67,,,,,,,,,,,,,,,,,,,76,0.4196,2,4,19,38,,,,,,,,,,,,,,,,,,,23,0.4443,1,2,11,23,,,,,,,,,,,,
2019-April-11,508,0.7054,4,5,102,127,,,,,,,,,,,,,248,0.4913,4,5,50,62,,,,,,,,,,,,,,,,,,,190,0.2913,2,15,13,95,26,0.4046,1,10,3,26,,,,,,,,,,,,,,,,,,,,,,,,,,,,,,,,,,,,,,,,,,,,,,,,,74,0.3957,3,8,9,25,49,0.5495,1,1,49,49,,,,,,
2019-April-12,,,,,,,,,,,,,,,,,,,152,0.4944,3,3,51,51,,,,,,,,,,,,,20,0.4648,1,1,20,20,41,0.3072,1,3,14,41,26,0.4046,1,10,3,26,590,0.5121,5,14,42,118,,,,,,,,,,,,,,,,,,,,,,,,,,,,,,,,,,,,,,,,,,,20,0.4157,1,2,10,20,,,,,,,,,,,,
2019-April-15,102,0.7064,1,1,102,102,,,,,,,,,,,,,203,0.4944,4,4,51,51,,,,,,,,,,,,,137,0.4645,7,7,20,20,24,0.4395,1,1,24,24,17,0.4662,1,5,3,17,219,0.5213,4,5,44,55,,,,,,,,,,,,,,,,,,,,,,,,,,,,,,,,,,,,,,,,,,,101,0.4157,4,10,10,25,226,0.4637,3,7,32,75,,,,,,
2019-April-16,,,,,,,107,0.3379,1,3,36,107,,,,,,,203,0.4944,4,4,51,51,,,,,,,,,,,,,59,0.4645,3,3,20,20,97,0.3439,2,6,16,48,79,0.4046,2,30,3,39,199,0.5066,2,5,40,99,,,,,,,,,,,,,,,,,,,113,0.4196,3,6,19,38,,,,,,,,,,,,,,,,,,,81,0.4157,1,8,10,81,,,,,,,35,0.3913,1,2,18,35
2019-April-17,303,0.7044,2,3,101,152,,,,,,,,,,,,,253,0.4944,3,5,51,84,,,,,,,,,,,,,20,0.4645,1,1,20,20,294,0.3532,4,17,17,73,95,0.4046,3,36,3,32,409,0.5243,5,9,45,82,,,,,,,,,,,,,,,,,,,38,0.4196,2,2,19,19,,,,,,,,,,,,,,,,,,,181,0.4157,6,18,10,30,,,,,,,35,0.3913,1,2,18,35
2019-April-18,,,,,,,,,,,,,,,,,,,101,0.4944,2,2,51,51,,,,,,,,,,,,,139,0.4418,4,9,15,35,202,0.3955,2,10,20,101,92,0.4046,2,35,3,46,,,,,,,,,,,,,,,,,,,,,,,,,36,0.4062,1,2,18,36,,,,,,,,,,,,,,,,,,,81,0.4157,2,8,10,40,49,0.5495,1,1,49,49,,,,,,
2019-April-22,102,0.7064,1,1,102,102,,,,,,,,,,,,,101,0.4944,2,2,51,51,,,,,,,,,,,,,191,0.4435,8,11,17,24,,,,,,,,,,,,,,,,,,,,,,,,,,,,,,,,,,,,,162,0.4096,4,9,18,40,,,,,,,,,,,,,,,,,,,111,0.4157,5,11,10,22,76,0.3857,1,3,25,76,,,,,,
2019-April-23,,,,,,,,,,,,,,,,,,,355,0.4944,6,7,51,59,,,,,,,,,,,,,39,0.4645,2,2,20,20,,,,,,,55,0.4046,2,21,3,28,95,0.536,2,2,48,48,,,,,,,,,,,,,,,,,,,36,0.4062,1,2,18,36,,,,,,,,,,,,,,,,,,,20,0.4157,1,2,10,20,,,,,,,,,,,,
2019-April-24,,,,,,,160,0.5343,1,2,80,160,,,,,,,152,0.4944,3,3,51,51,,,,,,,,,,,,,129,0.4552,6,7,18,21,125,0.3368,2,8,16,63,26,0.4046,1,10,3,26,,,,,,,,,,,,,,,,,,,,,,,,,74,0.4151,3,4,18,25,,,,,,,,,,,,,,,,,,,85,0.4032,3,9,9,28,49,0.5495,1,1,49,49,19,0.4033,1,1,19,19
2019-April-25,,,,,,,,,,,,,,,,,,,,,,,,,,,,,,,,,,,,,218,0.4533,10,12,18,22,247,0.339,3,16,15,82,,,,,,,184,0.4265,3,6,31,61,,,,,,,96,0.1711,1,3,32,96,,,,,,,71,0.4062,2,4,18,36,,,,,,,,,,,,,,,,,,,187,0.397,1,20,9,187,,,,,,,,,,,,
2019-April-26,682,0.6959,3,7,97,227,,,,,,,,,,,,,,,,,,,,,,,,,,,,,,,109,0.4533,5,6,18,22,97,0.3439,2,6,16,48,79,0.4046,2,30,3,39,61,0.4265,1,2,31,61,,,,,,,,,,,,,,,,,,,94,0.4855,3,4,23,31,,,,,,,,,,,,,,,,,,,,,,,,,44,0.5231,1,1,44,44,72,0.3993,3,4,18,24
2019-April-29,195,0.6959,1,2,97,195,,,,,,,,,,,,,,,,,,,,,,,,,,,,,,,59,0.4645,3,3,20,20,,,,,,,29,0.4046,1,11,3,29,,,,,,,,,,,,,,,,,,,,,,,,,36,0.4062,1,2,18,36,,,,,,,,,,,,,,,,,,,,,,,,,,,,,,,,,,,,
2019-April-30,195,0.6959,2,2,97,97,240,0.5343,1,3,80,240,,,,,,,,,,,,,,,,,,,,,,,,,226,0.4594,11,12,19,21,,,,,,,53,0.4046,2,20,3,26,,,,,,,,,,,,,,,,,,,,,,,,,397,0.4538,5,21,19,79,,,,,,,37,0.3033,1,1,37,37,,,,,,,28,0.397,1,3,9,28,44,0.5231,1,1,44,44,56,0.4033,2,3,19,28
2019-May-1,,,,,,,,,,,,,,,,,,,,,,,,,,,,,,,169,0.3097,3,5,34,56,,,,,,,,,,,,,53,0.4046,2,20,3,26,,,,,,,,,,,,,,,,,,,,,,,,,71,0.4062,1,4,18,71,,,,,,,,,,,,,,,,,,,,,,,,,79,0.4932,1,2,39,79,93,0.4033,2,5,19,46
2019-May-2,,,,,,,281,0.501,1,4,70,281,,,,,,,,,,,,,,,,,,,270,0.3097,6,8,34,45,179,0.4458,3,11,16,60,91,0.3295,3,6,15,30,79,0.4046,2,30,3,39,,,,,,,,,,,,,,,,,,,,,,,,,36,0.4062,1,2,18,36,,,,,,,,,,,,,,,,,,,,,,,,,44,0.5231,1,1,44,44,71,0.3944,3,4,18,24
2019-May-3,292,0.6959,3,3,97,97,140,0.501,1,2,70,140,,,,,,,,,,,,,,,,,,,496,0.3203,9,14,35,55,70,0.4458,3,4,18,23,173,0.3214,4,12,14,43,,,,,,,,,,,,,,,,,,,,,,,,,,,,,,,29,0.5251,1,1,29,29,,,,,,,130,0.4333,1,2,65,130,,,,,,,18,0.3905,1,2,9,18,89,0.5231,2,2,44,44,18,0.39,1,1,18,18
2019-May-6,330,0.6594,1,4,82,330,281,0.501,1,4,70,281,,,,,,,,,,,,,,,,,,,517,0.3457,11,13,40,47,239,0.4231,6,15,16,40,61,0.3295,2,4,15,30,84,0.4046,2,32,3,42,,,,,,,,,,,,,,,,,,,,,,,,,202,0.5251,2,7,29,101,,,,,,,195,0.4333,1,3,65,195,,,,,,,,,,,,,133,0.5231,3,3,44,44,53,0.39,3,3,18,18
2019-May-7,,,,,,,140,0.501,1,2,70,140,,,,,,,,,,,,,,,,,,,557,0.3457,5,14,40,111,140,0.4379,8,8,18,18,79,0.4028,3,4,20,26,26,0.4046,1,10,3,26,,,,,,,,,,,,,,,,,,,,,,,,,29,0.5251,1,1,29,29,,,,,,,195,0.4333,1,3,65,195,,,,,,,,,,,,,,,,,,,45,0.3555,1,3,15,45
2019-May-8,247,0.6594,1,3,82,247,240,0.5343,1,3,80,240,,,,,,,,,,,,,,,,,,,445,0.3293,3,12,37,148,179,0.4252,7,11,16,26,85,0.3661,3,5,17,28,210,0.4046,7,80,3,30,,,,,,,,,,,,,,,,,,,,,,,,,58,0.5251,1,2,29,58,,,,,,,195,0.4333,1,3,65,195,,,,,,,18,0.3905,1,2,9,18,,,,,,,30,0.3555,1,2,15,30
2019-May-9,,,,,,,,,,,,,,,,,,,,,,,,,,,,,,,63,0.2965,1,2,32,63,229,0.428,9,14,16,25,136,0.3295,3,9,15,45,26,0.4046,1,10,3,26,,,,,,,,,,,,,34,0.1809,1,1,34,34,,,,,,,78,0.4977,2,3,26,39,,,,,,,59,0.4077,1,1,59,59,,,,,,,23,0.353,1,3,8,23,44,0.5231,1,1,44,44,,,,,,
2019-May-10,,,,,,,,,,,,,,,,,,,,,,,,,,,,,,,,,,,,,88,0.4379,5,5,18,18,207,0.3143,4,15,14,52,,,,,,,,,,,,,,,,,,,56,0.1535,1,2,28,56,,,,,,,52,0.4977,1,2,26,52,,,,,,,234,0.4077,2,4,59,117,,,,,,,23,0.353,1,3,8,23,88,0.5202,1,2,44,88,30,0.3555,1,2,15,30
2019-May-13,,,,,,,,,,,,,,,,,,,,,,,,,,,,,,,,,,,,,307,0.428,9,19,16,34,91,0.3295,2,6,15,45,,,,,,,,,,,,,,,,,,,,,,,,,,,,,,,52,0.4977,2,2,26,26,,,,,,,117,0.4077,2,2,59,59,,,,,,,142,0.3332,1,20,7,142,,,,,,,,,,,,
2019-May-14,87,0.6725,1,1,87,87,,,,,,,,,,,,,,,,,,,,,,,,,,,,,,,218,0.4201,7,14,16,31,,,,,,,105,0.4046,3,40,3,35,,,,,,,,,,,,,,,,,,,,,,,,,26,0.4977,1,1,26,26,,,,,,,117,0.4077,1,2,59,117,,,,,,,142,0.3332,1,20,7,142,44,0.5202,1,1,44,44,,,,,,
2019-May-15,,,,,,,165,0.4412,1,3,55,165,,,,,,,,,,,,,,,,,,,,,,,,,109,0.4172,4,7,16,27,,,,,,,53,0.4046,1,20,3,53,,,,,,,,,,,,,68,0.1809,1,2,34,68,,,,,,,311,0.4977,5,12,26,62,,,,,,,234,0.4077,3,4,59,78,,,,,,,23,0.353,1,3,8,23,44,0.5202,1,1,44,44,130,0.5434,1,4,33,130
2019-May-16,85,0.6673,1,1,85,85,832,0.4463,5,15,55,166,,,,,,,,,,,,,,,,,,,,,,,,,184,0.4333,9,11,17,20,,,,,,,79,0.4046,3,30,3,26,,,,,,,,,,,,,,,,,,,,,,,,,26,0.4977,1,1,26,26,,,,,,,291,0.4063,3,5,58,97,41,0.4255,2,3,14,21,,,,,,,,,,,,,33,0.5434,1,1,33,33
2019-May-17,,,,,,,684,0.4298,4,13,53,171,,,,,,,,,,,,,,,,,,,,,,,,,65,0.4241,3,4,16,22,,,,,,,,,,,,,123,0.4265,2,4,31,61,,,,,,,,,,,,,,,,,,,52,0.4977,1,2,26,52,,,,,,,116,0.4056,2,2,58,58,178,0.4255,7,13,14,25,89,0.3088,3,14,6,30,127,0.3988,3,5,25,42,33,0.5434,1,1,33,33
2019-May-21,639,0.6525,4,8,80,160,895,0.4298,7,17,53,128,"1,225",0.875,4,5,245,306,,,,,,,,,,,,,,,,,,,,,,,,,51,0.2929,1,4,13,51,142,0.4046,5,54,3,28,163,0.4965,3,4,41,54,,,,,,,,,,,,,,,,,,,72,0.4775,2,3,24,36,,,,,,,580,0.4056,5,10,58,116,370,0.3779,20,35,11,19,19,0.3088,1,3,6,19,132,0.5202,3,3,44,44,33,0.5434,1,1,33,33
2019-May-22,,,,,,,,,,,,,,,,,,,,,,,,,,,,,,,,,,,,,,,,,,,179,0.2929,2,14,13,89,32,0.4046,1,12,3,32,326,0.4965,4,8,41,81,,,,,,,,,,,,,,,,,,,119,0.4775,3,5,24,40,,,,,,,290,0.4056,4,5,58,73,221,0.3715,8,22,10,28,,,,,,,,,,,,,33,0.5434,1,1,33,33
2019-May-23,240,0.6525,2,3,80,120,263,0.4298,1,5,53,263,245,0.875,1,1,245,245,,,,,,,,,,,,,,,,,,,,,,,,,97,0.2829,3,8,12,32,26,0.4046,1,10,3,26,,,,,,,,,,,,,,,,,,,,,,,,,,,,,,,,,,,,,,,,,,,199,0.3559,9,21,9,22,,,,,,,,,,,,,,,,,,
2019-May-24,160,0.6525,1,2,80,160,98,0.413,1,2,49,98,,,,,,,,,,,,,,,,,,,,,,,,,,,,,,,146,0.2829,5,12,12,29,84,0.4046,3,32,3,28,149,0.474,2,4,37,74,,,,,,,,,,,,,,,,,,,95,0.4775,2,4,24,48,,,,,,,,,,,,,185,0.3489,6,19,10,31,130,0.35,5,17,8,26,,,,,,,122,0.5278,1,4,31,122
2019-May-27,80,0.6525,1,1,80,80,197,0.413,2,4,49,98,,,,,,,,,,,,,,,,,,,,,,,,,,,,,,,24,0.2829,1,2,12,24,160,0.4046,2,61,3,80,,,,,,,,,,,,,,,,,,,,,,,,,,,,,,,,,,,,,,,,,,,,,,,,,,,,,,,,,,,,,,,,,,
2019-May-28,,,,,,,,,,,,,,,,,,,,,,,,,,,,,,,,,,,,,,,,,,,24,0.2829,1,2,12,24,26,0.4046,1,10,3,26,,,,,,,,,,,,,,,,,,,,,,,,,,,,,,,,,,,,,,,,,,,184,0.3379,5,20,9,37,71,0.3839,1,8,9,71,,,,,,,,,,,,
2019-May-29,160,0.6525,1,2,80,160,197,0.413,2,4,49,98,,,,,,,,,,,,,,,,,,,,,,,,,,,,,,,142,0.2786,4,12,12,35,,,,,,,104,0.4567,3,3,35,35,,,,,,,,,,,,,,,,,,,143,0.4775,3,6,24,48,,,,,,,,,,,,,49,0.3491,2,5,10,24,150,0.3839,4,17,9,38,,,,,,,92,0.5278,1,3,31,92
2019-May-30,80,0.6525,1,1,80,80,197,0.413,2,4,49,98,,,,,,,,,,,,,,,,,,,,,,,,,,,,,,,38,0.234,1,4,9,38,79,0.4046,2,30,3,39,382,0.4567,8,11,35,48,,,,,,,,,,,,,,,,,,,95,0.4775,1,4,24,95,,,,,,,,,,,,,76,0.339,4,8,9,19,,,,,,,,,,,,,122,0.5278,1,4,31,122
2019-May-31,160,0.6525,1,2,80,160,49,0.413,1,1,49,49,,,,,,,,,,,,,,,,,,,,,,,,,,,,,,,207,0.234,3,22,9,69,26,0.4046,1,10,3,26,382,0.4567,8,11,35,48,,,,,,,,,,,,,,,,,,,,,,,,,,,,,,,,,,,,,70,0.3229,3,8,9,23,69,0.35,2,9,8,34,,,,,,,,,,,,
2019-June-3,480,0.6525,5,6,80,96,639,0.413,5,13,49,128,,,,,,,,,,,,,,,,,,,,,,,,,,,,,,,100,0.2503,3,10,10,33,26,0.4046,1,10,3,26,174,0.4567,5,5,35,35,,,,,,,,,,,,,78,0.546,1,2,39,78,,,,,,,,,,,,,,,,,,,152,0.339,6,16,9,25,140,0.3585,4,18,8,35,,,,,,,,,,,,
2019-June-4,240,0.6525,2,3,80,120,197,0.413,2,4,49,98,,,,,,,,,,,,,44,0.4034,2,3,15,22,,,,,,,,,,,,,47,0.234,1,5,9,47,17,0.4662,1,5,3,17,104,0.4567,3,3,35,35,,,,,,,,,,,,,,,,,,,119,0.4775,2,5,24,60,,,,,,,,,,,,,,,,,,,114,0.35,3,15,8,38,,,,,,,,,,,,
2019-June-5,480,0.6525,1,6,80,480,246,0.413,2,5,49,123,,,,,,,,,,,,,205,0.4887,4,10,21,51,,,,,,,,,,,,,38,0.234,1,4,9,38,26,0.4046,1,10,3,26,625,0.4567,12,18,35,52,,,,,,,,,,,,,,,,,,,95,0.4775,1,4,24,95,,,,,,,,,,,,,,,,,,,,,,,,,,,,,,,,,,,,
2019-June-6,160,0.6525,1,2,80,160,,,,,,,,,,,,,,,,,,,267,0.4887,7,13,21,38,,,,,,,118,0.3965,2,8,15,59,193,0.2622,4,19,10,48,145,0.4046,4,55,3,36,361,0.5119,6,8,45,60,,,,,,,,,,,,,,,,,,,,,,,,,,,,,,,,,,,,,,,,,,,,,,,,,,,,,,,,,,,,
2019-June-7,228,0.6408,1,3,76,228,,,,,,,,,,,,,,,,,,,123,0.4887,3,6,21,41,,,,,,,66,0.4948,2,3,22,33,148,0.2622,4,15,10,37,53,0.4046,2,20,3,26,195,0.5412,2,4,49,97,,,,,,,,,,,,,,,,,,,,,,,,,,,,,,,,,,,,,,,,,,,,,,,,,,,,,,,,,,,,
2019-June-10,152,0.6408,2,2,76,76,120,0.4627,2,2,60,60,,,,,,,,,,,,,164,0.4887,3,8,21,55,,,,,,,,,,,,,,,,,,,84,0.4046,3,32,3,28,97,0.5412,1,2,49,97,,,,,,,,,,,,,34,0.5119,1,1,34,34,45,0.4614,1,2,22,45,,,,,,,,,,,,,,,,,,,,,,,,,,,,,,,78,0.488,3,3,26,26
2019-June-11,76,0.6408,1,1,76,76,,,,,,,,,,,,,,,,,,,534,0.4887,6,26,21,89,,,,,,,66,0.4948,3,3,22,22,424,0.2918,6,34,12,71,176,0.4046,3,67,3,59,,,,,,,,,,,,,,,,,,,,,,,,,24,0.4775,1,1,24,24,,,,,,,,,,,,,,,,,,,,,,,,,,,,,,,104,0.488,2,4,26,52
2019-June-12,152,0.6408,1,2,76,152,,,,,,,,,,,,,,,,,,,144,0.4887,4,7,21,36,,,,,,,110,0.4948,3,5,22,37,170,0.3149,3,12,14,57,97,0.4046,3,37,3,32,,,,,,,,,,,,,,,,,,,34,0.5119,1,1,34,34,157,0.4614,2,7,22,78,,,,,,,,,,,,,,,,,,,,,,,,,,,,,,,104,0.488,2,4,26,52
2019-June-13,76,0.6408,1,1,76,76,301,0.4179,3,6,50,100,,,,,,,,,,,,,221,0.4793,4,11,20,55,,,,,,,132,0.4948,5,6,22,26,43,0.4128,1,2,22,43,53,0.4046,1,20,3,53,,,,,,,,,,,,,,,,,,,272,0.5119,1,8,34,272,64,0.4501,2,3,21,32,,,,,,,,,,,,,,,,,,,,,,,,,,,,,,,78,0.488,3,3,26,26
2019-June-14,507,0.6298,2,7,72,254,602,0.4179,4,12,50,150,,,,,,,,,,,,,117,0.4762,3,6,20,39,,,,,,,132,0.4948,5,6,22,26,,,,,,,158,0.4046,4,60,3,39,,,,,,,,,,,,,,,,,,,,,,,,,107,0.4501,3,5,21,36,,,,,,,,,,,,,,,,,,,,,,,,,,,,,,,52,0.488,2,2,26,26
2019-June-17,76,0.6408,1,1,76,76,301,0.4179,2,6,50,150,,,,,,,,,,,,,117,0.4762,4,6,20,29,,,,,,,220,0.4948,9,10,22,24,,,,,,,26,0.4046,1,10,3,26,,,,,,,,,,,,,,,,,,,170,0.5119,1,5,34,170,120,0.3954,3,7,17,40,,,,,,,,,,,,,,,,,,,,,,,,,,,,,,,104,0.488,3,4,26,35
2019-June-18,583,0.6335,3,8,73,194,,,,,,,,,,,,,,,,,,,254,0.4762,3,13,20,85,,,,,,,132,0.4948,2,6,22,66,107,0.3475,3,7,15,36,,,,,,,,,,,,,,,,,,,,,,,,,102,0.5119,1,3,34,102,34,0.3954,2,2,17,17,,,,,,,,,,,,,,,,,,,,,,,,,,,,,,,52,0.488,2,2,26,26
2019-June-19,369,0.6371,3,5,74,123,351,0.4179,2,7,50,175,,,,,,,,,,,,,215,0.4762,5,11,20,43,,,,,,,286,0.4948,6,13,22,48,156,0.3149,4,11,14,39,79,0.4046,2,30,3,39,,,,,,,,,,,,,,,,,,,170,0.5119,1,5,34,170,137,0.3954,4,8,17,34,206,0.3701,3,7,29,69,,,,,,,,,,,,,,,,,,,,,,,,,104,0.488,3,4,26,35
2019-June-20,,,,,,,200,0.4154,2,4,50,100,,,,,,,,,,,,,114,0.4348,3,7,16,38,227,0.3015,2,7,32,113,65,0.492,2,3,22,33,28,0.3149,1,2,14,28,89,0.4046,2,34,3,45,,,,,,,,,,,,,,,,,,,68,0.5119,1,2,34,68,17,0.3954,1,1,17,17,56,0.3579,2,2,28,28,,,,,,,,,,,,,,,,,,,,,,,,,78,0.488,2,3,26,39
2019-June-21,,,,,,,147,0.413,2,3,49,74,,,,,,,,,,,,,144,0.4275,3,9,16,48,,,,,,,66,0.4934,2,3,22,33,,,,,,,53,0.4046,2,20,3,26,,,,,,,,,,,,,,,,,,,,,,,,,,,,,,,28,0.3579,1,1,28,28,,,,,,,,,,,,,,,,,,,,,,,,,131,0.488,2,5,26,65
2019-June-24,202,0.613,1,3,67,202,,,,,,,,,,,,,,,,,,,64,0.4275,2,4,16,32,,,,,,,22,0.492,1,1,22,22,,,,,,,132,0.4046,4,50,3,33,,,,,,,,,,,,,,,,,,,113,0.5362,2,3,38,56,,,,,,,269,0.353,6,10,27,45,,,,,,,,,,,,,,,,,,,,,,,,,,,,,,
2019-June-25,,,,,,,344,0.413,3,7,49,115,,,,,,,,,,,,,64,0.4275,2,4,16,32,,,,,,,,,,,,,55,0.2291,1,6,9,55,26,0.4046,1,10,3,26,,,,,,,,,,,,,,,,,,,,,,,,,17,0.3954,1,1,17,17,56,0.3579,2,2,28,28,,,,,,,,,,,,,,,,,,,,,,,,,52,0.488,2,2,26,26
2019-June-26,,,,,,,,,,,,,,,,,,,,,,,,,32,0.4275,1,2,16,32,,,,,,,,,,,,,119,0.2291,3,13,9,40,53,0.4046,1,20,3,53,,,,,,,,,,,,,,,,,,,413,0.5362,2,11,38,206,43,0.362,2,3,14,21,,,,,,,,,,,,,,,,,,,,,,,,,,,,,,,183,0.488,2,7,26,91
2019-June-27,,,,,,,49,0.413,1,1,49,49,,,,,,,,,,,,,33,0.342,1,3,11,33,,,,,,,,,,,,,190,0.2658,3,17,11,63,,,,,,,,,,,,,,,,,,,,,,,,,,,,,,,43,0.362,2,3,14,21,25,0.3323,1,1,25,25,,,,,,,,,,,,,,,,,,,,,,,,,,,,,,
2019-June-28,131,0.6058,2,2,65,65,201,0.3649,2,5,40,100,,,,,,,,,,,,,33,0.342,1,3,11,33,,,,,,,,,,,,,123,0.2658,3,11,11,41,132,0.4046,5,50,3,26,,,,,,,,,,,,,,,,,,,,,,,,,26,0.3285,1,2,13,26,25,0.3323,1,1,25,25,,,,,,,,,,,,,15,0.35,1,2,8,15,,,,,,,,,,,,
2019-July-2,65,0.6058,1,1,65,65,161,0.3649,2,4,40,80,,,,,,,,,,,,,110,0.3716,4,9,12,28,,,,,,,,,,,,,83,0.272,2,8,10,42,105,0.4046,3,40,3,35,,,,,,,,,,,,,,,,,,,75,0.5362,2,2,38,38,96,0.4776,2,4,24,48,224,0.3323,5,9,25,45,,,,,,,,,,,,,,,,,,,,,,,,,78,0.488,2,3,26,39
2019-July-3,65,0.6058,1,1,65,65,883,0.3649,6,22,40,147,,,,,,,,,,,,,263,0.379,8,21,13,33,,,,,,,,,,,,,370,0.249,8,38,10,46,224,0.4046,4,85,3,56,,,,,,,,,,,,,362,0.2062,7,9,40,52,,,,,,,,,,,,,100,0.3323,3,4,25,33,,,,,,,,,,,,,,,,,,,,,,,,,157,0.488,2,6,26,78
2019-July-4,65,0.6058,1,1,65,65,238,0.3611,3,6,40,79,,,,,,,,,,,,,160,0.3927,7,12,13,23,,,,,,,,,,,,,73,0.2291,1,8,9,73,82,0.4046,1,31,3,82,,,,,,,,,,,,,161,0.2062,3,4,40,54,201,0.5081,1,6,34,201,17,0.3954,1,1,17,17,50,0.332,2,2,25,25,,,,,,,,,,,,,,,,,,,,,,,,,25,0.4733,1,1,25,25
2019-July-5,65,0.6058,1,1,65,65,,,,,,,,,,,,,,,,,,,56,0.342,1,5,11,56,,,,,,,,,,,,,,,,,,,,,,,,,,,,,,,,,,,,,,,,,,,,,,,,,51,0.3285,1,4,13,51,,,,,,,,,,,,,,,,,,,,,,,,,,,,,,,49,0.4733,1,2,25,49
2019-July-8,,,,,,,78,0.3591,2,2,39,39,300,0.6818,2,4,75,150,,,,,,,62,0.3716,2,5,12,31,,,,,,,,,,,,,,,,,,,,,,,,,,,,,,,,,,,,,113,0.1979,2,3,38,56,,,,,,,,,,,,,25,0.3318,1,1,25,25,,,,,,,,,,,,,,,,,,,,,,,,,,,,,,
2019-July-9,,,,,,,36,0.341,1,1,36,36,,,,,,,,,,,,,48,0.3716,2,4,12,24,,,,,,,,,,,,,,,,,,,,,,,,,,,,,,,,,,,,,217,0.1896,3,6,36,72,33,0.5005,1,1,33,33,,,,,,,117,0.3168,3,5,23,39,,,,,,,,,,,,,,,,,,,59,0.5946,1,1,59,59,,,,,,
2019-July-10,115,0.5743,1,2,57,115,108,0.341,1,3,36,108,,,,,,,,,,,,,29,0.4011,1,2,14,29,430,0.3882,8,9,48,54,,,,,,,,,,,,,,,,,,,,,,,,,,,,,,,326,0.1896,3,9,36,109,,,,,,,,,,,,,22,0.3092,1,1,22,22,,,,,,,,,,,,,100,0.353,2,13,8,50,,,,,,,,,,,,
2019-July-11,172,0.5743,3,3,57,57,145,0.341,2,4,36,72,,,,,,,,,,,,,211,0.3291,7,20,11,30,621,0.3882,7,13,48,89,,,,,,,,,,,,,26,0.4046,1,10,3,26,,,,,,,,,,,,,,,,,,,,,,,,,89,0.3629,2,6,15,45,22,0.3092,1,1,22,22,,,,,,,,,,,,,15,0.353,1,2,8,15,,,,,,,35,0.3913,2,2,18,18
2019-July-12,402,0.5743,4,7,57,100,108,0.341,2,3,36,54,,,,,,,,,,,,,130,0.3411,6,12,11,22,382,0.3882,4,8,48,96,,,,,,,428,0.2536,5,45,10,86,79,0.4046,2,30,3,39,,,,,,,,,,,,,202,0.1788,1,6,34,202,651,0.5005,1,20,33,651,,,,,,,179,0.3092,2,8,22,90,,,,,,,,,,,,,31,0.353,1,4,8,31,,,,,,,,,,,,
2019-July-15,402,0.5743,3,7,57,134,362,0.341,4,10,36,90,,,,,,,,,,,,,162,0.3411,6,15,11,27,287,0.3882,4,6,48,72,,,,,,,,,,,,,110,0.4046,4,42,3,28,,,,,,,,,,,,,,,,,,,878,0.5005,1,27,33,878,30,0.3629,2,2,15,15,,,,,,,,,,,,,,,,,,,15,0.353,1,2,8,15,,,,,,,70,0.3913,3,4,18,23
2019-July-16,287,0.5743,3,5,57,96,108,0.341,2,3,36,54,,,,,,,,,,,,,53,0.3291,2,5,11,26,48,0.3882,1,1,48,48,,,,,,,,,,,,,710,0.4046,6,270,3,118,,,,,,,,,,,,,262,0.1755,2,8,33,131,28,0.467,1,1,28,28,,,,,,,,,,,,,,,,,,,,,,,,,201,0.353,5,26,8,40,,,,,,,18,0.3913,1,1,18,18
2019-July-17,115,0.5743,2,2,57,57,181,0.341,3,5,36,60,,,,,,,,,,,,,168,0.3291,5,16,11,34,,,,,,,,,,,,,111,0.3062,2,11,10,55,142,0.4046,4,54,3,36,,,,,,,,,,,,,,,,,,,,,,,,,,,,,,,,,,,,,,,,,,,,,,,,,46,0.353,2,6,8,23,,,,,,,53,0.3913,2,3,18,26
2019-July-18,115,0.5743,1,2,57,115,398,0.341,4,11,36,99,,,,,,,,,,,,,,,,,,,,,,,,,138,0.5503,4,5,28,34,92,0.2291,1,10,9,92,26,0.4046,1,10,3,26,,,,,,,,,,,,,,,,,,,,,,,,,,,,,,,,,,,,,,,,,,,,,,,,,,,,,,,,,,,,,,,,,,
2019-July-19,115,0.5743,1,2,57,115,108,0.341,1,3,36,108,,,,,,,,,,,,,18,0.3007,1,2,9,18,,,,,,,83,0.5503,3,3,28,28,43,0.3149,1,3,14,43,163,0.4046,4,62,3,41,,,,,,,,,,,,,,,,,,,,,,,,,55,0.3468,1,4,14,55,,,,,,,,,,,,,63,0.3618,2,6,10,31,73,0.3409,1,10,7,73,,,,,,,56,0.34,1,4,14,56
2019-July-22,57,0.5743,1,1,57,57,362,0.341,2,10,36,181,,,,,,,,,,,,,18,0.3007,1,2,9,18,,,,,,,165,0.5503,5,6,28,33,37,0.2291,1,4,9,37,53,0.4046,2,20,3,26,,,,,,,,,,,,,,,,,,,57,0.467,1,2,28,57,,,,,,,100,0.2845,2,5,20,50,,,,,,,63,0.3618,1,6,10,63,,,,,,,,,,,,,28,0.34,1,2,14,28
2019-July-23,172,0.5743,1,3,57,172,36,0.341,1,1,36,36,,,,,,,,,,,,,179,0.2841,5,21,9,36,,,,,,,55,0.5503,2,2,28,28,128,0.2291,3,14,9,43,95,0.4046,2,36,3,47,,,,,,,,,,,,,,,,,,,,,,,,,,,,,,,,,,,,,,,,,,,84,0.3618,3,8,10,28,44,0.3409,1,6,7,44,,,,,,,,,,,,
2019-July-24,,,,,,,362,0.341,4,10,36,90,,,,,,,,,,,,,34,0.2841,3,4,9,11,,,,,,,550,0.5503,8,20,28,69,,,,,,,105,0.4046,4,40,3,26,,,,,,,39,0.4933,1,1,39,39,,,,,,,,,,,,,,,,,,,100,0.2845,2,5,20,50,,,,,,,105,0.3618,4,10,10,26,77,0.353,1,10,8,77,,,,,,,,,,,,
2019-July-25,109,0.5611,2,2,54,54,108,0.341,3,3,36,36,,,,,,,,,,,,,251,0.2918,6,29,9,42,,,,,,,,,,,,,,,,,,,105,0.4046,3,40,3,35,,,,,,,39,0.4933,1,1,39,39,,,,,,,26,0.4402,1,1,26,26,,,,,,,,,,,,,,,,,,,178,0.3618,6,17,10,30,93,0.353,2,12,8,46,,,,,,,14,0.34,1,1,14,14
2019-July-26,218,0.5611,2,4,54,109,253,0.341,3,7,36,84,,,,,,,,,,,,,28,0.2995,2,3,9,14,,,,,,,98,0.5216,2,4,25,49,,,,,,,26,0.4046,1,10,3,26,,,,,,,158,0.4933,1,4,39,158,,,,,,,,,,,,,,,,,,,79,0.2825,2,4,20,39,,,,,,,31,0.3618,1,3,10,31,23,0.353,1,3,8,23,,,,,,,,,,,,
2019-July-29,272,0.5611,3,5,54,91,72,0.341,1,2,36,72,,,,,,,,,,,,,37,0.3007,2,4,9,18,,,,,,,98,0.5216,2,4,25,49,,,,,,,,,,,,,,,,,,,79,0.4933,1,2,39,79,,,,,,,51,0.4402,1,2,26,51,28,0.3468,1,2,14,28,39,0.2825,1,2,20,39,195,0.4333,3,3,65,65,84,0.3618,3,8,10,28,,,,,,,,,,,,,14,0.34,1,1,14,14
2019-July-30,272,0.5611,3,5,54,91,145,0.341,4,4,36,36,,,,,,,,,,,,,34,0.2841,1,4,9,34,,,,,,,273,0.536,2,11,25,136,37,0.2291,1,4,9,37,79,0.4046,3,30,3,26,,,,,,,,,,,,,,,,,,,102,0.4402,2,4,26,51,,,,,,,,,,,,,260,0.4333,2,4,65,130,21,0.3618,1,2,10,21,29,0.3409,1,4,7,29,,,,,,,,,,,,
2019-July-31,54,0.5611,1,1,54,54,36,0.341,1,1,36,36,,,,,,,,,,,,,,,,,,,,,,,,,,,,,,,,,,,,,53,0.4046,1,20,3,53,,,,,,,316,0.4933,3,8,39,105,,,,,,,,,,,,,,,,,,,118,0.2825,3,6,20,39,195,0.4333,3,3,65,65,178,0.3618,8,17,10,22,44,0.3409,2,6,7,22,,,,,,,58,0.2975,1,5,12,58
2019-August-1,52,0.5518,1,1,52,52,470,0.341,6,13,36,78,,,,,,,,,,,,,97,0.3839,3,9,11,32,294,0.3282,1,8,37,294,171,0.4583,8,9,19,21,183,0.2793,3,18,10,61,,,,,,,,,,,,,103,0.4595,1,3,34,103,129,0.1722,1,4,32,129,88,0.4044,1,4,22,88,125,0.3468,2,9,14,62,,,,,,,320,0.4295,3,5,64,107,68,0.3655,3,7,10,23,42,0.3332,2,6,7,21,,,,,,,104,0.2975,3,9,12,35
2019-August-2,,,,,,,253,0.341,3,7,36,84,,,,,,,,,,,,,128,0.271,2,16,8,64,121,0.3582,2,3,40,61,266,0.4583,11,14,19,24,91,0.2273,2,10,9,45,77,0.4,2,30,3,39,392,0.442,7,12,33,56,207,0.4595,2,6,34,103,129,0.1722,1,4,32,129,,,,,,,,,,,,,19,0.2789,1,1,19,19,,,,,,,67,0.3461,3,7,10,22,42,0.3332,2,6,7,21,59,0.5946,1,1,59,59,,,,,,
2019-August-5,286,0.5283,5,6,48,57,145,0.341,1,4,36,145,"1,848",0.6875,5,24,77,370,,,,,,,152,0.271,2,19,8,76,,,,,,,533,0.4583,11,28,19,48,,,,,,,139,0.4,4,54,3,35,196,0.442,4,6,33,49,69,0.4589,1,2,34,69,,,,,,,74,0.4304,1,3,25,74,55,0.3468,1,4,14,55,,,,,,,448,0.4295,4,7,64,112,127,0.3335,5,14,9,25,99,0.3332,2,14,7,50,161,0.5699,1,3,54,161,14,0.34,1,1,14,14
2019-August-6,,,,,,,108,0.341,2,3,36,54,462,0.6875,2,6,77,231,,,,,,,81,0.4403,2,7,12,41,,,,,,,209,0.4583,7,11,19,30,61,0.3296,1,4,15,61,31,0.4,1,12,3,31,98,0.442,3,3,33,33,,,,,,,,,,,,,98,0.4304,2,4,25,49,,,,,,,,,,,,,,,,,,,42,0.3618,2,4,10,21,28,0.3332,1,4,7,28,,,,,,,,,,,,
2019-August-7,477,0.5283,4,10,48,119,398,0.341,5,11,36,80,,,,,,,,,,,,,72,0.271,1,9,8,72,,,,,,,175,0.4643,7,9,19,25,,,,,,,104,0.4015,3,40,3,35,193,0.4397,5,6,32,39,137,0.4589,1,4,34,137,,,,,,,88,0.4044,1,4,22,88,,,,,,,,,,,,,,,,,,,21,0.3618,1,2,10,21,71,0.3332,2,10,7,35,107,0.5699,2,2,54,54,,,,,,
2019-August-8,237,0.5269,5,5,47,47,434,0.341,4,12,36,108,"1,628",0.6789,10,22,74,163,,,,,,,,,,,,,,,,,,,495,0.5004,15,22,23,33,,,,,,,,,,,,,62,0.4305,1,2,31,62,189,0.437,3,6,31,63,,,,,,,,,,,,,,,,,,,,,,,,,173,0.4035,3,3,58,58,199,0.3618,6,19,10,33,113,0.3332,2,16,7,57,,,,,,,,,,,,
2019-August-9,47,0.5269,1,1,47,47,,,,,,,"1,702",0.6789,11,23,74,155,,,,,,,,,,,,,,,,,,,143,0.476,6,7,20,24,,,,,,,26,0.4046,1,10,3,26,62,0.4305,1,2,31,62,,,,,,,,,,,,,,,,,,,,,,,,,51,0.2524,1,3,17,51,58,0.4035,1,1,58,58,189,0.3618,6,18,10,31,92,0.3332,2,13,7,46,,,,,,,68,0.3311,1,5,14,68
2019-August-12,190,0.5269,3,4,47,63,,,,,,,"2,146",0.6789,19,29,74,113,,,,,,,,,,,,,,,,,,,260,0.4711,5,13,20,52,152,0.2479,3,15,10,51,539,0.4046,5,205,3,108,156,0.4305,2,5,31,78,,,,,,,,,,,,,370,0.4489,2,14,26,185,,,,,,,,,,,,,230,0.4035,3,4,58,77,126,0.3618,4,12,10,31,189,0.3276,2,28,7,95,,,,,,,,,,,,
2019-August-13,190,0.5269,1,4,47,190,,,,,,,518,0.6789,5,7,74,104,,,,,,,90,0.512,1,4,23,90,,,,,,,120,0.4711,5,6,20,24,,,,,,,79,0.4046,2,30,3,39,156,0.4305,3,5,31,52,,,,,,,,,,,,,,,,,,,57,0.4196,1,3,19,57,,,,,,,230,0.4035,3,4,58,77,265,0.3677,10,25,11,27,67,0.322,2,10,7,34,,,,,,,,,,,,
2019-August-14,142,0.5269,2,3,47,71,,,,,,,296,0.6789,2,4,74,148,,,,,,,180,0.512,3,8,23,60,,,,,,,100,0.4711,5,5,20,20,,,,,,,26,0.4046,1,10,3,26,,,,,,,126,0.437,1,4,31,126,,,,,,,,,,,,,,,,,,,68,0.2524,1,4,17,68,173,0.4035,2,3,58,86,126,0.3618,3,12,10,42,67,0.322,1,10,7,67,,,,,,,,,,,,
2019-August-15,95,0.5269,2,2,47,47,,,,,,,"2,338",0.6761,17,32,73,138,,,,,,,135,0.512,1,6,23,135,,,,,,,420,0.4711,10,21,20,42,,,,,,,53,0.4046,2,20,3,26,194,0.4015,4,7,28,48,,,,,,,,,,,,,,,,,,,,,,,,,85,0.2524,1,5,17,85,165,0.3928,2,3,55,82,52,0.3618,2,5,10,26,67,0.322,1,10,7,67,157,0.5597,2,3,52,78,,,,,,
2019-August-16,47,0.5269,1,1,47,47,,,,,,,"1,387",0.6759,12,19,73,116,,,,,,,45,0.512,1,2,23,45,,,,,,,100,0.4711,4,5,20,25,,,,,,,105,0.4046,3,40,3,35,277,0.4015,5,10,28,55,,,,,,,121,0.207,1,3,40,121,,,,,,,,,,,,,86,0.2552,2,5,17,43,55,0.3928,1,1,55,55,241,0.3618,8,23,10,30,108,0.322,2,16,7,54,99,0.5495,2,2,49,49,86,0.3916,2,5,17,43
2019-August-19,190,0.5269,4,4,47,47,,,,,,,730,0.6759,8,10,73,91,,,,,,,133,0.5527,1,5,27,133,,,,,,,80,0.4711,4,4,20,20,,,,,,,26,0.4046,1,10,3,26,249,0.4015,5,9,28,50,50,0.3812,2,2,25,25,,,,,,,132,0.4489,1,5,26,132,66,0.4557,1,3,22,66,,,,,,,110,0.3928,2,2,55,55,63,0.3618,3,6,10,21,,,,,,,99,0.5495,2,2,49,49,,,,,,
2019-August-20,142,0.5269,3,3,47,47,,,,,,,,,,,,,,,,,,,,,,,,,,,,,,,360,0.4711,12,18,20,30,,,,,,,131,0.5272,3,26,5,44,222,0.4015,3,8,28,74,175,0.3812,3,7,25,58,81,0.207,1,2,40,81,,,,,,,,,,,,,,,,,,,110,0.3928,2,2,55,55,105,0.3618,4,10,10,26,101,0.322,2,15,7,50,198,0.5495,4,4,49,49,,,,,,
2019-August-21,332,0.5269,3,7,47,111,,,,,,,,,,,,,,,,,,,133,0.5527,2,5,27,66,,,,,,,180,0.4711,7,9,20,26,,,,,,,,,,,,,416,0.4015,7,15,28,59,75,0.3812,2,3,25,37,,,,,,,53,0.4489,1,2,26,53,66,0.4557,1,3,22,66,22,0.3092,1,1,22,22,,,,,,,105,0.3618,4,10,10,26,40,0.322,1,6,7,40,148,0.5495,3,3,49,49,70,0.3913,1,4,18,70
2019-August-22,108,0.5595,2,2,54,54,,,,,,,,,,,,,,,,,,,106,0.5527,2,4,27,53,,,,,,,180,0.4711,7,9,20,26,,,,,,,69,0.3593,3,32,2,23,122,0.3768,3,5,24,41,,,,,,,199,0.1766,1,6,33,199,,,,,,,153,0.4557,2,7,22,77,,,,,,,228,0.4014,3,4,57,76,315,0.3618,9,30,10,35,158,0.3459,2,23,7,79,,,,,,,70,0.3913,1,4,18,70
2019-August-23,517,0.5743,5,9,57,103,,,,,,,,,,,,,,,,,,,188,0.5229,4,8,24,47,,,,,,,100,0.4711,3,5,20,33,,,,,,,,,,,,,142,0.3647,1,6,24,142,,,,,,,,,,,,,77,0.4402,1,3,26,77,,,,,,,,,,,,,171,0.4014,3,3,57,57,84,0.3618,3,8,10,28,20,0.3171,1,3,7,20,,,,,,,,,,,,
2019-August-26,184,0.5863,2,3,61,92,,,,,,,,,,,,,,,,,,,47,0.5229,1,2,24,47,,,,,,,240,0.4711,8,12,20,30,,,,,,,,,,,,,47,0.3647,1,2,24,47,150,0.3812,1,6,25,150,,,,,,,306,0.4402,3,12,26,102,42,0.4466,1,2,21,42,45,0.3092,1,2,22,45,228,0.4014,4,4,57,57,283,0.3618,8,27,10,35,,,,,,,,,,,,,35,0.3913,1,2,18,35
2019-August-27,,,,,,,,,,,,,,,,,,,,,,,,,,,,,,,,,,,,,20,0.4711,1,1,20,20,,,,,,,,,,,,,,,,,,,75,0.3812,1,3,25,75,,,,,,,26,0.4402,1,1,26,26,58,0.5251,2,2,29,29,,,,,,,,,,,,,210,0.3618,6,20,10,35,,,,,,,,,,,,,28,0.502,1,1,28,28
2019-August-28,72,0.6298,1,1,72,72,,,,,,,,,,,,,,,,,,,188,0.5229,1,8,24,188,,,,,,,19,0.457,1,1,19,19,,,,,,,74,0.4046,2,28,3,37,95,0.3647,2,4,24,47,50,0.3812,1,2,25,50,,,,,,,26,0.4402,1,1,26,26,29,0.5251,1,1,29,29,,,,,,,660,0.3929,6,12,55,110,373,0.3596,10,36,10,37,77,0.3109,3,12,6,26,,,,,,,70,0.3913,2,4,18,35
2019-August-29,240,0.5847,1,4,60,240,,,,,,,,,,,,,,,,,,,,,,,,,,,,,,,170,0.457,8,9,19,21,19,0.3833,1,1,19,19,53,0.4046,1,20,3,53,521,0.3445,4,24,22,130,73,0.3764,1,3,24,73,,,,,,,,,,,,,,,,,,,,,,,,,56,0.3971,1,1,56,56,21,0.3618,1,2,10,21,50,0.3054,2,8,6,25,47,0.5367,1,1,47,47,,,,,,
2019-August-30,367,0.5941,3,6,61,122,,,,,,,,,,,,,,,,,,,205,0.4888,1,10,21,205,,,,,,,114,0.457,6,6,19,19,,,,,,,68,0.4662,1,20,3,68,,,,,,,,,,,,,,,,,,,,,,,,,,,,,,,,,,,,,,,,,,,115,0.3618,4,11,10,29,125,0.3054,2,20,6,62,94,0.5367,2,2,47,47,,,,,,
2019-September-3,442,0.6059,4,7,63,110,,,,,,,,,,,,,,,,,,,164,0.4888,2,8,21,82,,,,,,,263,0.4563,10,14,19,26,,,,,,,,,,,,,,,,,,,122,0.3764,2,5,24,61,,,,,,,,,,,,,,,,,,,90,0.3092,1,4,22,90,,,,,,,242,0.3561,8,24,10,30,,,,,,,47,0.5367,1,1,47,47,,,,,,
2019-September-4,255,0.6035,3,4,64,85,,,,,,,912,0.6847,11,12,76,83,,,,,,,103,0.4888,1,5,21,103,,,,,,,146,0.4532,6,8,18,24,,,,,,,,,,,,,,,,,,,49,0.3764,1,2,24,49,,,,,,,,,,,,,,,,,,,67,0.3092,1,3,22,67,,,,,,,199,0.3618,6,19,10,33,40,0.322,1,6,7,40,,,,,,,,,,,,
2019-September-5,57,0.5743,1,1,57,57,,,,,,,988,0.6847,10,13,76,99,,,,,,,,,,,,,,,,,,,,,,,,,,,,,,,,,,,,,,,,,,,141,0.3666,2,6,23,70,,,,,,,,,,,,,42,0.4441,1,2,21,42,112,0.3092,2,5,22,56,,,,,,,84,0.3618,4,8,10,21,,,,,,,128,0.513,1,3,43,128,33,0.3774,1,2,17,33
2019-September-6,230,0.5743,4,4,57,57,,,,,,,532,0.6847,4,7,76,133,,,,,,,,,,,,,,,,,,,,,,,,,121,0.4395,1,5,24,121,80,0.3707,2,35,2,40,,,,,,,,,,,,,,,,,,,,,,,,,,,,,,,156,0.3073,5,7,22,31,,,,,,,31,0.3618,1,3,10,31,,,,,,,171,0.513,3,4,43,57,,,,,,
2019-September-9,115,0.5743,2,2,57,57,,,,,,,152,0.6847,1,2,76,152,,,,,,,,,,,,,,,,,,,,,,,,,67,0.3509,1,4,17,67,,,,,,,,,,,,,,,,,,,,,,,,,23,0.4097,1,1,23,23,,,,,,,67,0.3073,2,3,22,33,,,,,,,54,0.3798,2,6,9,27,,,,,,,43,0.513,1,1,43,43,,,,,,
2019-September-10,287,0.5743,4,5,57,72,,,,,,,,,,,,,,,,,,,,,,,,,,,,,,,,,,,,,,,,,,,,,,,,,,,,,,,188,0.3666,2,8,23,94,,,,,,,,,,,,,,,,,,,89,0.3073,3,4,22,30,,,,,,,21,0.3618,1,2,10,21,,,,,,,171,0.513,4,4,43,43,,,,,,
2019-September-11,284,0.5728,3,5,57,95,,,,,,,426,0.6713,2,6,71,213,,,,,,,62,0.4196,1,4,16,62,,,,,,,,,,,,,328,0.3433,2,20,16,164,,,,,,,,,,,,,80,0.338,2,4,20,40,,,,,,,,,,,,,,,,,,,22,0.3073,1,1,22,22,,,,,,,130,0.3402,5,14,9,26,,,,,,,43,0.513,1,1,43,43,,,,,,
2019-September-12,50,0.5398,1,1,50,50,,,,,,,292,0.6759,2,4,73,146,,,,,,,357,0.4196,6,23,16,59,,,,,,,,,,,,,48,0.4395,1,2,24,48,39,0.3328,1,20,2,39,,,,,,,,,,,,,,,,,,,180,0.4097,3,8,23,60,,,,,,,22,0.3073,1,1,22,22,,,,,,,57,0.3077,2,7,8,28,34,0.322,1,5,7,34,79,0.4948,1,2,40,79,,,,,,
2019-September-13,200,0.5398,4,4,50,50,,,,,,,"1,190",0.6667,2,17,70,595,,,,,,,47,0.4196,1,3,16,47,,,,,,,,,,,,,,,,,,,,,,,,,,,,,,,39,0.3244,1,2,19,39,,,,,,,135,0.4097,2,6,23,68,,,,,,,44,0.3073,1,2,22,44,,,,,,,60,0.2882,1,8,7,60,,,,,,,,,,,,,,,,,,
2019-September-16,200,0.5398,3,4,50,67,,,,,,,,,,,,,,,,,,,155,0.4196,3,10,16,52,,,,,,,,,,,,,,,,,,,39,0.3328,1,20,2,39,,,,,,,,,,,,,,,,,,,541,0.4097,1,24,23,541,,,,,,,,,,,,,,,,,,,105,0.3077,2,13,8,52,67,0.322,1,10,7,67,79,0.4948,1,2,40,79,,,,,,
2019-September-17,549,0.5398,5,11,50,110,,,,,,,,,,,,,,,,,,,217,0.4196,5,14,16,43,,,,,,,,,,,,,,,,,,,39,0.3328,1,20,2,39,,,,,,,154,0.3515,3,7,22,51,,,,,,,45,0.4097,1,2,23,45,,,,,,,66,0.3064,1,3,22,66,,,,,,,111,0.3388,3,12,9,37,34,0.322,1,5,7,34,79,0.4948,2,2,40,40,,,,,,
2019-September-18,100,0.5398,2,2,50,50,,,,,,,,,,,,,,,,,,,,,,,,,,,,,,,,,,,,,,,,,,,58,0.3328,1,30,2,58,,,,,,,44,0.3515,1,2,22,44,,,,,,,76,0.3697,1,4,19,76,,,,,,,133,0.3057,3,6,22,44,,,,,,,54,0.3273,1,6,9,54,108,0.322,2,16,7,54,,,,,,,,,,,,
2019-September-19,200,0.5398,3,4,50,67,,,,,,,,,,,,,,,,,,,,,,,,,,,,,,,,,,,,,,,,,,,,,,,,,,,,,,,,,,,,,,,,,,,,,,,,,37,0.3216,1,3,12,37,110,0.3043,4,5,22,27,,,,,,,36,0.3273,1,4,9,36,33,0.3155,1,5,7,33,,,,,,,,,,,,
2019-September-20,,,,,,,,,,,,,,,,,,,146,0.5854,1,2,73,146,,,,,,,,,,,,,,,,,,,,,,,,,,,,,,,,,,,,,,,,,,,,,,,,,,,,,,,,,,,,,,,,,,,,,,,,,42,0.3618,2,4,10,21,,,,,,,,,,,,,,,,,,
2019-September-23,95,0.527,2,2,47,47,,,,,,,,,,,,,220,0.5854,3,3,73,73,136,0.4262,5,9,15,27,,,,,,,,,,,,,,,,,,,,,,,,,,,,,,,,,,,,,,,,,,,190,0.3697,1,10,19,190,,,,,,,,,,,,,,,,,,,60,0.2882,1,8,7,60,57,0.3071,2,9,6,28,,,,,,,35,0.2413,1,4,9,35
2019-September-24,332,0.527,4,7,47,83,,,,,,,,,,,,,,,,,,,129,0.4159,3,9,14,43,,,,,,,,,,,,,132,0.2992,1,10,13,132,69,0.3385,2,35,2,35,,,,,,,139,0.3295,2,7,20,70,,,,,,,57,0.3697,1,3,19,57,,,,,,,44,0.3043,1,2,22,44,,,,,,,,,,,,,25,0.3071,1,4,6,25,,,,,,,,,,,,
2019-September-25,,,,,,,,,,,,,,,,,,,,,,,,,156,0.4141,5,11,14,31,,,,,,,,,,,,,24,0.4395,1,1,24,24,40,0.3385,1,20,2,40,,,,,,,80,0.3295,1,4,20,80,,,,,,,99,0.3897,2,5,20,49,43,0.2929,1,4,11,43,110,0.3043,2,5,22,55,,,,,,,,,,,,,57,0.3071,2,9,6,28,35,0.463,1,1,35,35,35,0.2413,1,4,9,35
2019-September-26,129,0.5021,3,3,43,43,,,,,,,,,,,,,136,0.5681,2,2,68,68,48,0.3591,1,4,12,48,,,,,,,,,,,,,122,0.2829,2,10,12,61,99,0.344,3,49,2,33,,,,,,,,,,,,,86,0.2182,1,2,43,86,,,,,,,,,,,,,62,0.2922,3,3,21,21,,,,,,,,,,,,,63,0.3071,2,10,6,31,,,,,,,,,,,,
2019-September-27,43,0.5021,1,1,43,43,108,0.341,1,3,36,108,,,,,,,68,0.5681,1,1,68,68,,,,,,,,,,,,,,,,,,,,,,,,,,,,,,,,,,,,,,,,,,,,,,,,,,,,,,,83,0.2844,2,8,10,42,124,0.2922,5,6,21,25,,,,,,,,,,,,,21,0.4263,1,2,11,21,,,,,,,,,,,,
2019-September-30,209,0.4976,4,5,42,52,,,,,,,,,,,,,341,0.5681,5,5,68,68,,,,,,,56,0.2694,1,2,28,56,,,,,,,61,0.2829,1,5,12,61,104,0.3866,3,47,2,35,,,,,,,,,,,,,,,,,,,,,,,,,,,,,,,103,0.2922,4,5,21,26,,,,,,,,,,,,,42,0.4263,2,4,11,21,,,,,,,,,,,,
2019-October-1,209,0.4976,4,5,42,52,150,0.5183,1,2,75,150,,,,,,,68,0.5681,1,1,68,68,,,,,,,333,0.2694,5,12,28,67,,,,,,,,,,,,,,,,,,,,,,,,,20,0.3295,1,1,20,20,,,,,,,57,0.3697,1,3,19,57,50,0.3911,2,3,17,25,186,0.2922,7,9,21,27,,,,,,,,,,,,,29,0.4093,1,3,10,29,35,0.463,1,1,35,35,,,,,,
2019-October-2,,,,,,,,,,,,,,,,,,,409,0.5681,5,6,68,82,,,,,,,109,0.265,2,4,27,54,,,,,,,182,0.2829,2,15,12,91,,,,,,,,,,,,,49,0.2888,1,3,16,49,,,,,,,,,,,,,,,,,,,145,0.2922,4,7,21,36,,,,,,,,,,,,,236,0.4093,2,24,10,118,,,,,,,84,0.3392,1,6,14,84
2019-October-3,225,0.4679,3,6,37,75,150,0.5183,1,2,75,150,,,,,,,341,0.5681,4,5,68,85,,,,,,,,,,,,,,,,,,,168,0.3153,4,12,14,42,,,,,,,,,,,,,33,0.2888,1,2,16,33,,,,,,,,,,,,,,,,,,,62,0.2922,2,3,21,31,,,,,,,,,,,,,137,0.4093,4,14,10,34,32,0.4446,1,1,32,32,,,,,,
2019-October-4,225,0.4679,4,6,37,56,75,0.5183,1,1,75,75,,,,,,,205,0.5681,2,3,68,102,,,,,,,133,0.2605,2,5,27,66,,,,,,,179,0.3087,2,13,14,90,21,0.355,1,10,2,21,,,,,,,,,,,,,,,,,,,,,,,,,,,,,,,103,0.2912,3,5,21,34,,,,,,,,,,,,,,,,,,,,,,,,,42,0.3392,1,3,14,42
2019-October-7,561,0.4679,7,15,37,80,75,0.5183,1,1,75,75,,,,,,,68,0.5681,1,1,68,68,,,,,,,163,0.2702,3,6,27,54,,,,,,,97,0.2829,1,8,12,97,104,0.3509,4,50,2,26,,,,,,,,,,,,,,,,,,,65,0.3988,1,3,22,65,156,0.3144,2,13,12,78,62,0.2912,3,3,21,21,,,,,,,,,,,,,20,0.412,1,2,10,20,,,,,,,,,,,,
2019-October-8,112,0.4679,2,3,37,56,,,,,,,,,,,,,68,0.5681,1,1,68,68,,,,,,,216,0.2678,4,8,27,54,64,0.4878,3,3,21,21,,,,,,,140,0.3426,4,70,2,35,,,,,,,33,0.2887,1,2,16,33,,,,,,,43,0.3988,1,2,22,43,36,0.3144,1,3,12,36,123,0.2912,4,6,21,31,,,,,,,,,,,,,216,0.41,4,22,10,54,,,,,,,28,0.502,1,1,28,28
2019-October-9,37,0.4679,1,1,37,37,200,0.4883,1,3,67,200,,,,,,,136,0.5681,1,2,68,136,,,,,,,318,0.2605,4,12,27,80,114,0.5032,4,5,23,28,,,,,,,91,0.344,3,45,2,30,,,,,,,,,,,,,,,,,,,,,,,,,,,,,,,185,0.2912,6,9,21,31,,,,,,,,,,,,,29,0.4093,1,3,10,29,,,,,,,166,0.502,2,6,28,83
2019-October-10,,,,,,,301,0.4627,2,5,60,150,,,,,,,68,0.5681,1,1,68,68,,,,,,,343,0.2678,4,12,29,86,,,,,,,,,,,,,108,0.3467,4,53,2,27,,,,,,,,,,,,,196,0.2021,1,5,39,196,39,0.3756,2,2,20,20,38,0.4196,1,2,19,38,,,,,,,,,,,,,,,,,,,108,0.4093,2,11,10,54,29,0.4208,1,1,29,29,55,0.502,1,2,28,55
2019-October-11,146,0.4611,1,4,36,146,,,,,,,,,,,,,205,0.5681,3,3,68,68,,,,,,,271,0.271,5,10,27,54,60,0.4711,1,3,20,60,,,,,,,21,0.355,1,10,2,21,,,,,,,,,,,,,,,,,,,20,0.3756,1,1,20,20,38,0.4196,1,2,19,38,21,0.2912,1,1,21,21,,,,,,,30,0.2882,1,4,7,30,39,0.4093,1,4,10,39,118,0.4208,2,4,29,59,110,0.502,1,4,28,110
2019-October-14,,,,,,,120,0.4627,1,2,60,120,,,,,,,68,0.5681,1,1,68,68,47,0.5229,1,2,24,47,,,,,,,23,0.5032,1,1,23,23,,,,,,,30,0.3385,1,15,2,30,,,,,,,20,0.3295,1,1,20,20,,,,,,,20,0.3756,1,1,20,20,,,,,,,40,0.2845,1,2,20,40,,,,,,,,,,,,,,,,,,,29,0.4208,1,1,29,29,55,0.502,2,2,28,28
2019-October-15,255,0.4611,2,7,36,127,,,,,,,,,,,,,205,0.5681,3,3,68,68,,,,,,,83,0.2741,2,3,28,42,128,0.4925,3,6,21,43,,,,,,,214,0.344,3,107,2,71,,,,,,,73,0.3159,3,4,18,24,,,,,,,,,,,,,,,,,,,40,0.2845,1,2,20,40,,,,,,,88,0.3211,1,10,9,88,,,,,,,,,,,,,359,0.502,3,13,28,120
2019-October-16,364,0.4611,1,10,36,364,,,,,,,,,,,,,68,0.5681,1,1,68,68,,,,,,,241,0.2649,5,9,27,48,120,0.4711,2,6,20,60,,,,,,,169,0.4662,3,50,3,56,,,,,,,,,,,,,,,,,,,20,0.3756,1,1,20,20,,,,,,,200,0.2867,3,10,20,67,,,,,,,236,0.3211,5,27,9,47,,,,,,,,,,,,,28,0.502,1,1,28,28
2019-October-17,,,,,,,132,0.4864,1,2,66,132,,,,,,,68,0.5681,1,1,68,68,,,,,,,342,0.2793,9,12,28,38,20,0.4711,1,1,20,20,,,,,,,101,0.4662,3,30,3,34,,,,,,,103,0.4596,1,3,34,103,,,,,,,,,,,,,,,,,,,,,,,,,,,,,,,70,0.3211,2,8,9,35,,,,,,,29,0.4208,1,1,29,29,28,0.502,1,1,28,28
2019-October-18,47,0.527,1,1,47,47,,,,,,,,,,,,,409,0.5681,6,6,68,68,,,,,,,307,0.2895,9,10,31,34,38,0.4583,1,2,19,38,,,,,,,131,0.4735,5,38,3,26,,,,,,,138,0.4596,2,4,34,69,,,,,,,,,,,,,,,,,,,,,,,,,,,,,,,122,0.2925,4,16,8,31,,,,,,,,,,,,,,,,,,
2019-October-21,399,0.4837,1,10,40,399,,,,,,,,,,,,,341,0.5681,3,5,68,114,134,0.6096,1,4,34,134,337,0.2895,7,11,31,48,,,,,,,,,,,,,107,0.4753,4,31,3,27,,,,,,,69,0.4596,1,2,34,69,153,0.1979,2,4,38,76,,,,,,,31,0.2844,1,3,10,31,,,,,,,,,,,,,,,,,,,,,,,,,39,0.4932,1,1,39,39,,,,,,
2019-October-22,285,0.527,4,6,47,71,529,0.4638,4,9,59,132,,,,,,,273,0.5681,3,4,68,91,,,,,,,,,,,,,,,,,,,96,0.2369,1,10,10,96,104,0.4783,3,30,3,35,,,,,,,,,,,,,153,0.1979,2,4,38,76,,,,,,,83,0.2844,1,8,10,83,,,,,,,,,,,,,,,,,,,,,,,,,,,,,,,193,0.502,3,7,28,64
2019-October-23,,,,,,,463,0.4563,3,8,58,154,,,,,,,341,0.5681,5,5,68,68,,,,,,,,,,,,,,,,,,,,,,,,,185,0.4723,6,54,3,31,,,,,,,39,0.3245,1,2,19,39,,,,,,,134,0.4056,2,6,22,67,,,,,,,,,,,,,,,,,,,,,,,,,,,,,,,,,,,,,,,,,,
2019-October-24,332,0.527,6,7,47,55,,,,,,,,,,,,,477,0.5681,5,7,68,95,,,,,,,,,,,,,,,,,,,46,0.2289,1,5,9,46,145,0.4662,3,43,3,48,,,,,,,,,,,,,76,0.1979,1,2,38,76,,,,,,,77,0.3706,1,5,15,77,80,0.2845,2,4,20,40,80,0.3199,2,2,40,40,34,0.2685,1,5,7,34,,,,,,,59,0.4208,2,2,29,29,24,0.4656,1,1,24,24
2019-October-25,237,0.527,3,5,47,79,474,0.492,2,7,68,237,,,,,,,409,0.5681,5,6,68,82,,,,,,,,,,,,,,,,,,,,,,,,,47,0.5026,3,12,4,16,,,,,,,39,0.3245,1,2,19,39,,,,,,,,,,,,,,,,,,,,,,,,,40,0.3199,1,1,40,40,,,,,,,,,,,,,59,0.4208,2,2,29,29,,,,,,
2019-October-28,231,0.5213,4,5,46,58,406,0.492,2,6,68,203,,,,,,,273,0.5681,3,4,68,91,,,,,,,,,,,,,,,,,,,183,0.2289,1,20,9,183,140,0.4511,5,44,3,28,,,,,,,,,,,,,110,0.2629,1,2,55,110,86,0.3988,1,4,22,86,,,,,,,40,0.2845,2,2,20,20,77,0.3117,1,2,39,77,26,0.3211,1,3,9,26,,,,,,,118,0.4208,2,4,29,59,41,0.4293,1,2,21,41
2019-October-29,589,0.5157,4,13,45,147,,,,,,,,,,,,,72,0.5801,1,1,72,72,,,,,,,,,,,,,,,,,,,,,,,,,200,0.4639,8,61,3,25,,,,,,,,,,,,,,,,,,,43,0.3988,1,2,22,43,80,0.3951,2,5,16,40,60,0.2845,1,3,20,60,,,,,,,,,,,,,,,,,,,29,0.4208,1,1,29,29,65,0.4474,2,3,22,33
2019-October-30,45,0.5157,1,1,45,45,,,,,,,,,,,,,215,0.5801,3,3,72,72,,,,,,,,,,,,,,,,,,,46,0.2289,1,5,9,46,102,0.4511,4,32,3,25,,,,,,,37,0.3129,1,2,18,37,,,,,,,,,,,,,,,,,,,,,,,,,,,,,,,34,0.2685,1,5,7,34,,,,,,,29,0.4208,1,1,29,29,,,,,,
2019-October-31,,,,,,,381,0.4477,3,7,54,127,,,,,,,,,,,,,,,,,,,,,,,,,,,,,,,,,,,,,69,0.4464,3,22,3,23,,,,,,,,,,,,,76,0.1979,1,2,38,76,,,,,,,136,0.3668,3,9,15,45,79,0.2835,2,4,20,40,,,,,,,73,0.3378,2,8,9,36,,,,,,,,,,,,,134,0.411,2,7,19,67
2019-November-1,62,0.5946,1,1,62,62,271,0.4403,2,5,54,135,,,,,,,143,0.5801,2,2,72,72,,,,,,,,,,,,,54,0.5459,2,2,27,27,,,,,,,159,0.4464,6,51,3,27,,,,,,,,,,,,,,,,,,,19,0.3697,1,1,19,19,30,0.3668,1,2,15,30,159,0.2835,5,8,20,32,,,,,,,31,0.2925,1,4,8,31,,,,,,,,,,,,,,,,,,
2019-November-4,250,0.5946,4,4,62,62,120,0.4627,1,2,60,120,,,,,,,358,0.5801,5,5,72,72,,,,,,,,,,,,,81,0.5459,2,3,27,41,,,,,,,74,0.4651,3,23,3,25,,,,,,,,,,,,,55,0.2629,1,1,55,55,400,0.3697,2,21,19,200,106,0.3668,3,7,15,35,119,0.2835,5,6,20,24,,,,,,,,,,,,,,,,,,,,,,,,,115,0.411,3,6,19,38
